Workbook

Sheet Main (2)
D1: ca | L1: GAP
C2: KẾ HOẠCH SẢN XUẤT HÀNG NGÀY | M2: Mã tài liệu | N2: Q401-02
M3: Ngày ban hành | N3: 2022.10.01
M4: Lần ban hành | N4: 04
M5: =TODAY() -> 46130
A6: STT | B6: SỐ CHỈ THỊ THƯ | C6: MÃ SẢN PHẨM | D6: NGUYÊN VẬT LIỆU | E6: SIZE | F6: SỐ MÁY | G6: SỐ LƯỢNG CẦN SX | H6: SẢN XUẤT THỰC TẾ | I6: SẢN LƯỢNG CÒN LẠI | J6: TÌNH TRẠNG KHUÔN | K6: SẢN LƯỢNG HÔM TRƯỚC | L6: NVL CẦN | M6: SỐ LƯỢNG THIẾU -> (W24) | N6: SỐ LƯỢNG THIẾU -> (W26) | O6: NGUYÊN VẬT LIỆU | P6: Stock RM | Q6: 생산가능 수량 | R6: Master Code
A8: 1 | C8: 071245-F14W-A | D8: =IFERROR(VLOOKUP(C8,ERP!$B$1:$AN$1548,39,0),0) -> SCM435 (S)AIP | E8: =IFERROR(VLOOKUP(C8,ERP!$B$1:$AO$1548,40,0),0) -> 5.45 | F8: 1,5 | G8: 300000 | H8: 305100 | I8: =G8-H8 -> -5100 | J8: HẾT KẾ HOẠCH | L8: -139.332 | M8: =IFERROR(MIN(VLOOKUP(C8,'[1]Shortage Analysis'!C$4:U$537,19,0),0),0) -> -92352 | N8: =IFERROR(MIN(VLOOKUP(C8,'[1]Shortage Analysis'!C$4:W$537,21,0),0),0) -> -232352 | O8: =D8&E8 -> SCM435 (S)AIP5.45 | P8: =IFERROR(VLOOKUP(O8,'NVL Stock'!$N$1:$O$444,2,0),0) -> 8428 | Q8: =P8*1000/#REF! -> #REF! | R8: =VLOOKUP(C8,ERP!$B$1:$BM$1616,64,0) -> 20080
A9: 2 | B9: 603-079 | C9: 100550-YM1W-Z | D9: =IFERROR(VLOOKUP(C9,ERP!$B$1:$AN$1548,39,0),0) -> S10A HD | E9: =IFERROR(VLOOKUP(C9,ERP!$B$1:$AO$1548,40,0),0) -> 12.2 | F9: 1A | G9: 150000 | H9: 87760 | I9: =G9-H9 -> 62240 | J9: HẾT NVL | L9: 3443.1168 | M9: =IFERROR(MIN(VLOOKUP(C9,'[1]Shortage Analysis'!C$4:U$537,19,0),0),0) -> 0 | N9: =IFERROR(MIN(VLOOKUP(C9,'[1]Shortage Analysis'!C$4:W$537,21,0),0),0) -> 0 | O9: =D9&E9 -> S10A HD12.2 | P9: =IFERROR(VLOOKUP(O9,'NVL Stock'!$N$1:$O$444,2,0),0) -> 0 | Q9: =P9*1000/#REF! -> #REF! | R9: =VLOOKUP(C9,ERP!$B$1:$BM$1616,64,0) -> 20203
A10: 3 | B10: 603-080 | C10: 120300-UM1A-4AC | D10: =IFERROR(VLOOKUP(C10,ERP!$B$1:$AN$1548,39,0),0) -> S10A HD | E10: =IFERROR(VLOOKUP(C10,ERP!$B$1:$AO$1548,40,0),0) -> 10.72 | F10: 2 | G10: 200000 | H10: 173200 | I10: =G10-H10 -> 26800 | K10: 18000 | L10: 1012.236 | M10: =IFERROR(MIN(VLOOKUP(C10,'[1]Shortage Analysis'!C$4:U$537,19,0),0),0) -> -49183 | N10: =IFERROR(MIN(VLOOKUP(C10,'[1]Shortage Analysis'!C$4:W$537,21,0),0),0) -> -57157 | O10: =D10&E10 -> S10A HD10.72 | P10: =IFERROR(VLOOKUP(O10,'NVL Stock'!$N$1:$O$444,2,0),0) -> 3332 | Q10: =P10*1000/#REF! -> #REF! | R10: =VLOOKUP(C10,ERP!$B$1:$BM$1616,64,0) -> 20045
A11: 4 | C11: 8.5x60 | F11: 3 | H11: 0 | J11: TEST MẪU
A12: 5 | B12: 603-072 | C12: 080315-JM6R-DH | D12: =IFERROR(VLOOKUP(C12,ERP!$B$1:$AN$1548,39,0),0) -> STS304CU WSB | E12: =IFERROR(VLOOKUP(C12,ERP!$B$1:$AO$1548,40,0),0) -> 7.02 | F12: 4A | G12: 800000 | H12: 631300 | I12: =G12-H12 -> 168700 | K12: =24900+16000 -> 40900 | L12: 2103.689 | M12: =IFERROR(MIN(VLOOKUP(C12,'[1]Shortage Analysis'!C$4:U$537,19,0),0),0) -> -355130 | N12: =IFERROR(MIN(VLOOKUP(C12,'[1]Shortage Analysis'!C$4:W$537,21,0),0),0) -> -355130 | O12: =D12&E12 -> STS304CU WSB7.02 | P12: =IFERROR(VLOOKUP(O12,'NVL Stock'!$N$1:$O$444,2,0),0) -> 3834 | Q12: =P12*1000/#REF! -> #REF! | R12: =VLOOKUP(C12,ERP!$B$1:$BM$1616,64,0) -> 40002
A13: 6 | B13: 603-078 | C13: 100350-F51A-D | D13: =IFERROR(VLOOKUP(C13,ERP!$B$1:$AN$1548,39,0),0) -> S10A HD | E13: =IFERROR(VLOOKUP(C13,ERP!$B$1:$AO$1548,40,0),0) -> 9.96 | F13: 4 | G13: 300000 | H13: 0 | I13: =G13-H13 -> 300000 | L13: 8880 | M13: =IFERROR(MIN(VLOOKUP(C13,'[1]Shortage Analysis'!C$4:U$537,19,0),0),0) -> -284013 | N13: =IFERROR(MIN(VLOOKUP(C13,'[1]Shortage Analysis'!C$4:W$537,21,0),0),0) -> -284013 | O13: =D13&E13 -> S10A HD9.96 | P13: =IFERROR(VLOOKUP(O13,'NVL Stock'!$N$1:$O$444,2,0),0) -> 9945 | Q13: =P13*1000/#REF! -> #REF! | R13: =VLOOKUP(C13,ERP!$B$1:$BM$1616,64,0) -> 20000
A14: 7 | B14: 603-071 | C14: 080300-FM5L-DS | D14: =IFERROR(VLOOKUP(C14,ERP!$B$1:$AN$1548,39,0),0) -> STS430 WSB | E14: =IFERROR(VLOOKUP(C14,ERP!$B$1:$AO$1548,40,0),0) -> 7.02 | F14: 6 | G14: 300000 | H14: 199900 | I14: =G14-H14 -> 100100 | K14: =5000+3900 -> 8900 | L14: 1477.476 | M14: =IFERROR(MIN(VLOOKUP(C14,'[1]Shortage Analysis'!C$4:U$537,19,0),0),0) -> -477573 | N14: =IFERROR(MIN(VLOOKUP(C14,'[1]Shortage Analysis'!C$4:W$537,21,0),0),0) -> -477573 | O14: =D14&E14 -> STS430 WSB7.02 | P14: =IFERROR(VLOOKUP(O14,'NVL Stock'!$N$1:$O$444,2,0),0) -> 3629 | Q14: =P14*1000/#REF! -> #REF! | R14: =VLOOKUP(C14,ERP!$B$1:$BM$1616,64,0) -> 20005
A15: 8 | B15: 603-070 | C15: 080290-FM6R-D | D15: =IFERROR(VLOOKUP(C15,ERP!$B$1:$AN$1548,39,0),0) -> STS304CU WSB | E15: =IFERROR(VLOOKUP(C15,ERP!$B$1:$AO$1548,40,0),0) -> 7.02 | F15: 7 | G15: 200000 | H15: 89000 | I15: =G15-H15 -> 111000 | K15: =27200+6200 -> 33400 | L15: 1399.71 | M15: =IFERROR(MIN(VLOOKUP(C15,'[1]Shortage Analysis'!C$4:U$537,19,0),0),0) -> -110836 | N15: =IFERROR(MIN(VLOOKUP(C15,'[1]Shortage Analysis'!C$4:W$537,21,0),0),0) -> -110836 | O15: =D15&E15 -> STS304CU WSB7.02 | P15: =IFERROR(VLOOKUP(O15,'NVL Stock'!$N$1:$O$444,2,0),0) -> 3834 | Q15: =P15*1000/#REF! -> #REF! | R15: =VLOOKUP(C15,ERP!$B$1:$BM$1616,64,0) -> 40001
A16: 9 | B16: 602-083 | C16: 650320-F62W-SP | D16: =IFERROR(VLOOKUP(C16,ERP!$B$1:$AN$1548,39,0),0) -> S18A (S)AIP (F) | E16: =IFERROR(VLOOKUP(C16,ERP!$B$1:$AO$1548,40,0),0) -> 5.45 | F16: 7A | G16: 2000000 | H16: 1992500 | I16: =G16-H16 -> 7500 | J16: HẾT NVL | L16: 71.475 | M16: =IFERROR(MIN(VLOOKUP(C16,'[1]Shortage Analysis'!C$4:U$537,19,0),0),0) -> -1425075 | N16: =IFERROR(MIN(VLOOKUP(C16,'[1]Shortage Analysis'!C$4:W$537,21,0),0),0) -> -1425075 | O16: =D16&E16 -> S18A (S)AIP (F)5.45 | P16: =IFERROR(VLOOKUP(O16,'NVL Stock'!$N$1:$O$444,2,0),0) -> 543 | Q16: =P16*1000/#REF! -> #REF! | R16: =VLOOKUP(C16,ERP!$B$1:$BM$1616,64,0) -> 20004
A17: 10 | F17: 8 | H17: 0 | J17: ĐÀO TẠO | M17: =IFERROR(MIN(VLOOKUP(C17,'[1]Shortage Analysis'!C$4:U$537,19,0),0),0) -> 0 | N17: =IFERROR(MIN(VLOOKUP(C17,'[1]Shortage Analysis'!C$4:W$537,21,0),0),0) -> 0 | P17: =IFERROR(VLOOKUP(O17,'NVL Stock'!$N$1:$O$444,2,0),0) -> 0
A18: 11 | C18: 050195-T62W-DZ | D18: =IFERROR(VLOOKUP(C18,ERP!$B$1:$AN$1548,39,0),0) -> S18A SAIP (F) | E18: =IFERROR(VLOOKUP(C18,ERP!$B$1:$AO$1548,40,0),0) -> 7.05 | F18: 8A | H18: 0 | J18: HẾT KẾ HOẠCH | L18: 0 | M18: =IFERROR(MIN(VLOOKUP(C18,'[1]Shortage Analysis'!C$4:U$537,19,0),0),0) -> 0 | N18: =IFERROR(MIN(VLOOKUP(C18,'[1]Shortage Analysis'!C$4:W$537,21,0),0),0) -> 0 | O18: =D18&E18 -> S18A SAIP (F)7.05 | P18: =IFERROR(VLOOKUP(O18,'NVL Stock'!$N$1:$O$444,2,0),0) -> 1073 | Q18: =P18*1000/#REF! -> #REF! | R18: =VLOOKUP(C18,ERP!$B$1:$BM$1616,64,0) -> 20061
A19: 12 | B19: 601-044 | C19: 040145-HM6H-MZ | D19: =IFERROR(VLOOKUP(C19,ERP!$B$1:$AN$1548,39,0),0) -> STS304CU WSB | E19: =IFERROR(VLOOKUP(C19,ERP!$B$1:$AO$1548,40,0),0) -> 3.45 | F19: 9A | G19: 200000 | H19: 198700 | I19: =G19-H19 -> 1300 | J19: CHỜ KẸP | K19: =31000 -> 31000 | L19: 2.873 | M19: =IFERROR(MIN(VLOOKUP(C19,'[1]Shortage Analysis'!C$4:U$537,19,0),0),0) -> -3000 | N19: =IFERROR(MIN(VLOOKUP(C19,'[1]Shortage Analysis'!C$4:W$537,21,0),0),0) -> -3000 | O19: =D19&E19 -> STS304CU WSB3.45 | P19: =IFERROR(VLOOKUP(O19,'NVL Stock'!$N$1:$O$444,2,0),0) -> 1091 | Q19: =P19*1000/#REF! -> #REF! | R19: =VLOOKUP(C19,ERP!$B$1:$BM$1616,64,0) -> 53801
A20: 13 | B20: 603-046 | C20: 040145-HM6H-MZ | D20: =IFERROR(VLOOKUP(C20,ERP!$B$1:$AN$1548,39,0),0) -> STS304CU WSB | E20: =IFERROR(VLOOKUP(C20,ERP!$B$1:$AO$1548,40,0),0) -> 3.45 | G20: 200000 | H20: 0 | I20: =G20-H20 -> 200000 | L20: 442 | M20: =IFERROR(MIN(VLOOKUP(C20,'[1]Shortage Analysis'!C$4:U$537,19,0),0),0) -> -3000 | N20: =IFERROR(MIN(VLOOKUP(C20,'[1]Shortage Analysis'!C$4:W$537,21,0),0),0) -> -3000 | O20: =D20&E20 -> STS304CU WSB3.45 | P20: =IFERROR(VLOOKUP(O20,'NVL Stock'!$N$1:$O$444,2,0),0) -> 1091 | Q20: =P20*1000/#REF! -> #REF! | R20: =VLOOKUP(C20,ERP!$B$1:$BM$1616,64,0) -> 53801
A21: 14 | B21: 604-005 | C21: 030180-TY2W-T | D21: =IFERROR(VLOOKUP(C21,ERP!$B$1:$AN$1548,39,0),0) -> S18A SAIP (F) | E21: =IFERROR(VLOOKUP(C21,ERP!$B$1:$AO$1548,40,0),0) -> 3.2 | F21: 9 | G21: 200000 | H21: 16000 | I21: =G21-H21 -> 184000 | L21: 163.76 | M21: =IFERROR(MIN(VLOOKUP(C21,'[1]Shortage Analysis'!C$4:U$537,19,0),0),0) -> -183000 | N21: =IFERROR(MIN(VLOOKUP(C21,'[1]Shortage Analysis'!C$4:W$537,21,0),0),0) -> -183000 | O21: =D21&E21 -> S18A SAIP (F)3.2 | P21: =IFERROR(VLOOKUP(O21,'NVL Stock'!$N$1:$O$444,2,0),0) -> 12792 | Q21: =P21*1000/#REF! -> #REF! | R21: =VLOOKUP(C21,ERP!$B$1:$BM$1616,64,0) -> 55017
A22: 15 | B22: 603-059 | C22: 050160-T12W | D22: =IFERROR(VLOOKUP(C22,ERP!$B$1:$AN$1548,39,0),0) -> S18A SAIP (F) | E22: =IFERROR(VLOOKUP(C22,ERP!$B$1:$AO$1548,40,0),0) -> 3.95 | F22: 10 | G22: 200000 | H22: 84900 | I22: =G22-H22 -> 115100 | K22: =23500+5100 -> 28600 | L22: 347.602 | M22: =IFERROR(MIN(VLOOKUP(C22,'[1]Shortage Analysis'!C$4:U$537,19,0),0),0) -> -101338 | N22: =IFERROR(MIN(VLOOKUP(C22,'[1]Shortage Analysis'!C$4:W$537,21,0),0),0) -> -101338 | O22: =D22&E22 -> S18A SAIP (F)3.95 | P22: =IFERROR(VLOOKUP(O22,'NVL Stock'!$N$1:$O$444,2,0),0) -> 899 | Q22: =P22*1000/#REF! -> #REF! | R22: =VLOOKUP(C22,ERP!$B$1:$BM$1616,64,0) -> 20017
A23: 16 | C23: 050200-FS2W-P | D23: =IFERROR(VLOOKUP(C23,ERP!$B$1:$AN$1548,39,0),0) -> S18A SAIP (F) | E23: =IFERROR(VLOOKUP(C23,ERP!$B$1:$AO$1548,40,0),0) -> 4.55 | F23: 11 | G23: 500000 | H23: 504600 | I23: =G23-H23 -> -4600 | J23: TEST KHUÔN RL | L23: -19.458 | M23: =IFERROR(MIN(VLOOKUP(C23,'[1]Shortage Analysis'!C$4:U$537,19,0),0),0) -> -135905 | N23: =IFERROR(MIN(VLOOKUP(C23,'[1]Shortage Analysis'!C$4:W$537,21,0),0),0) -> -135905 | O23: =D23&E23 -> S18A SAIP (F)4.55 | P23: =IFERROR(VLOOKUP(O23,'NVL Stock'!$N$1:$O$444,2,0),0) -> 674 | Q23: =P23*1000/#REF! -> #REF! | R23: =VLOOKUP(C23,ERP!$B$1:$BM$1616,64,0) -> 20070
A24: 17 | C24: 040600-UM1W-PQ | D24: STS304 | E24: 3.45 | G24: 400 | H24: 0 | I24: =G24-H24 -> 400 | J24: STS304 | M24: =IFERROR(MIN(VLOOKUP(C24,'[1]Shortage Analysis'!C$4:U$537,19,0),0),0) -> 0 | N24: =IFERROR(MIN(VLOOKUP(C24,'[1]Shortage Analysis'!C$4:W$537,21,0),0),0) -> 0
A25: 18 | B25: 602-065 | C25: 060200-F12W-P | D25: =IFERROR(VLOOKUP(C25,ERP!$B$1:$AN$1548,39,0),0) -> S18A SAIP (F) | E25: =IFERROR(VLOOKUP(C25,ERP!$B$1:$AO$1548,40,0),0) -> 4.85 | F25: 12 | G25: 500000 | H25: 403500 | I25: =G25-H25 -> 96500 | K25: =40500 -> 40500 | L25: 507.59 | M25: =IFERROR(MIN(VLOOKUP(C25,'[1]Shortage Analysis'!C$4:U$537,19,0),0),0) -> -370586 | N25: =IFERROR(MIN(VLOOKUP(C25,'[1]Shortage Analysis'!C$4:W$537,21,0),0),0) -> -370586 | O25: =D25&E25 -> S18A SAIP (F)4.85 | P25: =IFERROR(VLOOKUP(O25,'NVL Stock'!$N$1:$O$444,2,0),0) -> 2302 | Q25: =P25*1000/#REF! -> #REF! | R25: =VLOOKUP(C25,ERP!$B$1:$BM$1616,64,0) -> 40043
A26: 19 | B26: 603-055 | C26: 040400-J16H-D | D26: =IFERROR(VLOOKUP(C26,ERP!$B$1:$AN$1548,39,0),0) -> STS304CU WSA | E26: =IFERROR(VLOOKUP(C26,ERP!$B$1:$AO$1548,40,0),0) -> 3.25 | F26: 13 | G26: 200000 | H26: 0 | I26: =G26-H26 -> 200000 | L26: 578 | M26: =IFERROR(MIN(VLOOKUP(C26,'[1]Shortage Analysis'!C$4:U$537,19,0),0),0) -> -263648 | N26: =IFERROR(MIN(VLOOKUP(C26,'[1]Shortage Analysis'!C$4:W$537,21,0),0),0) -> -263648 | O26: =D26&E26 -> STS304CU WSA3.25 | P26: =IFERROR(VLOOKUP(O26,'NVL Stock'!$N$1:$O$444,2,0),0) -> 791 | Q26: =P26*1000/#REF! -> #REF! | R26: =VLOOKUP(C26,ERP!$B$1:$BM$1616,64,0) -> 40057
A27: 20 | B27: 510-067 | C27: 060090-ZE1W-C | D27: =IFERROR(VLOOKUP(C27,ERP!$B$1:$AN$1548,39,0),0) -> S10A HD | E27: =IFERROR(VLOOKUP(C27,ERP!$B$1:$AO$1548,40,0),0) -> 5.9 | F27: 14 | G27: 20000 | H27: 4200 | I27: =G27-H27 -> 15800 | L27: 33.18 | M27: =IFERROR(MIN(VLOOKUP(C27,'[1]Shortage Analysis'!C$4:U$537,19,0),0),0) -> -990.8 | N27: =IFERROR(MIN(VLOOKUP(C27,'[1]Shortage Analysis'!C$4:W$537,21,0),0),0) -> -990.8 | O27: =D27&E27 -> S10A HD5.9 | P27: =IFERROR(VLOOKUP(O27,'NVL Stock'!$N$1:$O$444,2,0),0) -> 112 | Q27: =P27*1000/#REF! -> #REF! | R27: =VLOOKUP(C27,ERP!$B$1:$BM$1616,64,0) -> 52500
A28: 21 | F28: 9B | H28: 0 | J28: MÁY HƯ | L28: 0 | M28: =IFERROR(MIN(VLOOKUP(C28,'[1]Shortage Analysis'!C$4:U$537,19,0),0),0) -> 0 | N28: =IFERROR(MIN(VLOOKUP(C28,'[1]Shortage Analysis'!C$4:W$537,21,0),0),0) -> 0 | O28: =D28&E28 | P28: =IFERROR(VLOOKUP(O28,'NVL Stock'!$N$1:$O$444,2,0),0) -> 0 | Q28: =P28*1000/#REF! -> #REF! | R28: =VLOOKUP(C28,ERP!$B$1:$BM$1616,64,0) -> 0
A29: 22 | B29: 603-040 | C29: 040120-TP2W-S | D29: =IFERROR(VLOOKUP(C29,ERP!$B$1:$AN$1548,39,0),0) -> S18A SAIP (F) | E29: =IFERROR(VLOOKUP(C29,ERP!$B$1:$AO$1548,40,0),0) -> 3.2 | F29: 15,31 | G29: 3500000 | H29: 1881700 | I29: =G29-H29 -> 1618300 | K29: =17000+23000+30000+23000 -> 93000 | L29: 2443.633 | M29: =IFERROR(MIN(VLOOKUP(C29,'[1]Shortage Analysis'!C$4:U$537,19,0),0),0) -> -5472582 | N29: =IFERROR(MIN(VLOOKUP(C29,'[1]Shortage Analysis'!C$4:W$537,21,0),0),0) -> -5719761 | O29: =D29&E29 -> S18A SAIP (F)3.2 | P29: =IFERROR(VLOOKUP(O29,'NVL Stock'!$N$1:$O$444,2,0),0) -> 12792 | Q29: =P29*1000/#REF! -> #REF! | R29: =VLOOKUP(C29,ERP!$B$1:$BM$1616,64,0) -> 20301
A30: 23 | B30: 602-040 | C30: 040120-T22W-1 | D30: =IFERROR(VLOOKUP(C30,ERP!$B$1:$AN$1548,39,0),0) -> S18A SAIP (F) | E30: =IFERROR(VLOOKUP(C30,ERP!$B$1:$AO$1548,40,0),0) -> 3.2 | F30: 16 | G30: 500000 | H30: 230000 | I30: =G30-H30 -> 270000 | J30: HƯ KẸP LIỆU | L30: 415.8 | M30: =IFERROR(MIN(VLOOKUP(C30,'[1]Shortage Analysis'!C$4:U$537,19,0),0),0) -> 0 | N30: =IFERROR(MIN(VLOOKUP(C30,'[1]Shortage Analysis'!C$4:W$537,21,0),0),0) -> 0 | O30: =D30&E30 -> S18A SAIP (F)3.2 | P30: =IFERROR(VLOOKUP(O30,'NVL Stock'!$N$1:$O$444,2,0),0) -> 12792 | Q30: =P30*1000/#REF! -> #REF! | R30: =VLOOKUP(C30,ERP!$B$1:$BM$1616,64,0) -> 20037
A31: 24 | B31: 603-052 | C31: 040200-T66H | D31: =IFERROR(VLOOKUP(C31,ERP!$B$1:$AN$1548,39,0),0) -> STS304CU WSA | E31: =IFERROR(VLOOKUP(C31,ERP!$B$1:$AO$1548,40,0),0) -> 3.2 | F31: 17 | G31: 500000 | H31: 176000 | I31: =G31-H31 -> 324000 | K31: =53000 -> 53000 | L31: 651.24 | M31: =IFERROR(MIN(VLOOKUP(C31,'[1]Shortage Analysis'!C$4:U$537,19,0),0),0) -> -565658 | N31: =IFERROR(MIN(VLOOKUP(C31,'[1]Shortage Analysis'!C$4:W$537,21,0),0),0) -> -565658 | O31: =D31&E31 -> STS304CU WSA3.2 | P31: =IFERROR(VLOOKUP(O31,'NVL Stock'!$N$1:$O$444,2,0),0) -> 1170 | Q31: =P31*1000/#REF! -> #REF! | R31: =VLOOKUP(C31,ERP!$B$1:$BM$1616,64,0) -> 40069
A32: 25 | B32: 602-045 | C32: 040140-T12W | D32: =IFERROR(VLOOKUP(C32,ERP!$B$1:$AN$1548,39,0),0) -> S18A SAIP (F) | E32: =IFERROR(VLOOKUP(C32,ERP!$B$1:$AO$1548,40,0),0) -> 3.25 | F32: 18 | G32: 1000000 | H32: 584500 | I32: =G32-H32 -> 415500 | K32: =47000+31000 -> 78000 | L32: 702.195 | M32: =IFERROR(MIN(VLOOKUP(C32,'[1]Shortage Analysis'!C$4:U$537,19,0),0),0) -> -199942.5 | N32: =IFERROR(MIN(VLOOKUP(C32,'[1]Shortage Analysis'!C$4:W$537,21,0),0),0) -> -199942.5 | O32: =D32&E32 -> S18A SAIP (F)3.25 | P32: =IFERROR(VLOOKUP(O32,'NVL Stock'!$N$1:$O$444,2,0),0) -> 7651 | Q32: =P32*1000/#REF! -> #REF! | R32: =VLOOKUP(C32,ERP!$B$1:$BM$1616,64,0) -> 20039
A33: 26 | B33: 603-021 | C33: 030045-CB2W | D33: =IFERROR(VLOOKUP(C33,ERP!$B$1:$AN$1548,39,0),0) -> S18A SAIP (F) | E33: =IFERROR(VLOOKUP(C33,ERP!$B$1:$AO$1548,40,0),0) -> 2.46 | F33: 19 | G33: 500000 | H33: 499400 | I33: =G33-H33 -> 600 | L33: 0.396 | M33: =IFERROR(MIN(VLOOKUP(C33,'[1]Shortage Analysis'!C$4:U$537,19,0),0),0) -> -55000 | N33: =IFERROR(MIN(VLOOKUP(C33,'[1]Shortage Analysis'!C$4:W$537,21,0),0),0) -> -155000 | O33: =D33&E33 -> S18A SAIP (F)2.46 | P33: =IFERROR(VLOOKUP(O33,'NVL Stock'!$N$1:$O$444,2,0),0) -> 3881 | Q33: =P33*1000/#REF! -> #REF! | R33: =VLOOKUP(C33,ERP!$B$1:$BM$1616,64,0) -> 51818
A34: 27 | B34: 602-016 | C34: 030060-C62W | D34: =IFERROR(VLOOKUP(C34,ERP!$B$1:$AN$1548,39,0),0) -> S18A SAIP (F) | E34: =IFERROR(VLOOKUP(C34,ERP!$B$1:$AO$1548,40,0),0) -> 2.46 | G34: 100000 | H34: 0 | I34: =G34-H34 -> 100000 | L34: 62 | M34: =IFERROR(MIN(VLOOKUP(C34,'[1]Shortage Analysis'!C$4:U$537,19,0),0),0) -> -38332 | N34: =IFERROR(MIN(VLOOKUP(C34,'[1]Shortage Analysis'!C$4:W$537,21,0),0),0) -> -38332 | O34: =D34&E34 -> S18A SAIP (F)2.46 | P34: =IFERROR(VLOOKUP(O34,'NVL Stock'!$N$1:$O$444,2,0),0) -> 3881 | Q34: =P34*1000/#REF! -> #REF! | R34: =VLOOKUP(C34,ERP!$B$1:$BM$1616,64,0) -> 40225
A35: 28 | B35: 604-002 | C35: 040100-PSEW-AS | D35: =IFERROR(VLOOKUP(C35,ERP!$B$1:$AN$1548,39,0),0) -> S22A SAIP (F) | E35: =IFERROR(VLOOKUP(C35,ERP!$B$1:$AO$1548,40,0),0) -> 3.55 | F35: 20 | G35: 100000 | H35: 0 | I35: =G35-H35 -> 100000 | L35: 150 | M35: =IFERROR(MIN(VLOOKUP(C35,'[1]Shortage Analysis'!C$4:U$537,19,0),0),0) -> -340599 | N35: =IFERROR(MIN(VLOOKUP(C35,'[1]Shortage Analysis'!C$4:W$537,21,0),0),0) -> -340599 | O35: =D35&E35 -> S22A SAIP (F)3.55 | P35: =IFERROR(VLOOKUP(O35,'NVL Stock'!$N$1:$O$444,2,0),0) -> 343 | Q35: =P35*1000/#REF! -> #REF! | R35: =VLOOKUP(C35,ERP!$B$1:$BM$1616,64,0) -> 50648
A36: 29 | B36: 602-035 | C36: 040100-TC2W-1 | D36: =IFERROR(VLOOKUP(C36,ERP!$B$1:$AN$1548,39,0),0) -> S18A SAIP (F) | E36: =IFERROR(VLOOKUP(C36,ERP!$B$1:$AO$1548,40,0),0) -> 3.45 | F36: 21 | G36: 600000 | H36: 283500 | I36: =G36-H36 -> 316500 | K36: =29000+57000 -> 86000 | L36: 458.925 | M36: =IFERROR(MIN(VLOOKUP(C36,'[1]Shortage Analysis'!C$4:U$537,19,0),0),0) -> -703424.46 | N36: =IFERROR(MIN(VLOOKUP(C36,'[1]Shortage Analysis'!C$4:W$537,21,0),0),0) -> -703424.46 | O36: =D36&E36 -> S18A SAIP (F)3.45 | P36: =IFERROR(VLOOKUP(O36,'NVL Stock'!$N$1:$O$444,2,0),0) -> 1513 | Q36: =P36*1000/#REF! -> #REF! | R36: =VLOOKUP(C36,ERP!$B$1:$BM$1616,64,0) -> 20023
A37: 30 | B37: 604-009 | C37: 040110-J12P-A | D37: =IFERROR(VLOOKUP(C37,ERP!$B$1:$AN$1548,39,0),0) -> S18A SAIP (F) | E37: =IFERROR(VLOOKUP(C37,ERP!$B$1:$AO$1548,40,0),0) -> 3.25 | F37: 22 | G37: 420000 | H37: 243600 | I37: =G37-H37 -> 176400 | K37: =87600 -> 87600 | L37: 224.028 | M37: =IFERROR(MIN(VLOOKUP(C37,'[1]Shortage Analysis'!C$4:U$537,19,0),0),0) -> -419999 | N37: =IFERROR(MIN(VLOOKUP(C37,'[1]Shortage Analysis'!C$4:W$537,21,0),0),0) -> -419999 | O37: =D37&E37 -> S18A SAIP (F)3.25 | P37: =IFERROR(VLOOKUP(O37,'NVL Stock'!$N$1:$O$444,2,0),0) -> 7651 | Q37: =P37*1000/#REF! -> #REF! | R37: =VLOOKUP(C37,ERP!$B$1:$BM$1616,64,0) -> 40027
A38: 31 | B38: 603-049 | C38: 040180-P62W | D38: =IFERROR(VLOOKUP(C38,ERP!$B$1:$AN$1548,39,0),0) -> S18A SAIP (F) | E38: =IFERROR(VLOOKUP(C38,ERP!$B$1:$AO$1548,40,0),0) -> 3.2 | F38: 23 | G38: 800000 | H38: 406500 | I38: =G38-H38 -> 393500 | K38: =85800 -> 85800 | L38: 629.6 | M38: =IFERROR(MIN(VLOOKUP(C38,'[1]Shortage Analysis'!C$4:U$537,19,0),0),0) -> -311542 | N38: =IFERROR(MIN(VLOOKUP(C38,'[1]Shortage Analysis'!C$4:W$537,21,0),0),0) -> -311542 | O38: =D38&E38 -> S18A SAIP (F)3.2 | P38: =IFERROR(VLOOKUP(O38,'NVL Stock'!$N$1:$O$444,2,0),0) -> 12792 | Q38: =P38*1000/#REF! -> #REF! | R38: =VLOOKUP(C38,ERP!$B$1:$BM$1616,64,0) -> 20040
A39: 32 | B39: 603-097 | C39: 040120-T22W | D39: =IFERROR(VLOOKUP(C39,ERP!$B$1:$AN$1548,39,0),0) -> S18A SAIP (F) | E39: =IFERROR(VLOOKUP(C39,ERP!$B$1:$AO$1548,40,0),0) -> 3.2 | F39: 24 | G39: 1500000 | H39: 1006500 | I39: =G39-H39 -> 493500 | K39: =64300+25000 -> 89300 | L39: 764.925 | M39: =IFERROR(MIN(VLOOKUP(C39,'[1]Shortage Analysis'!C$4:U$537,19,0),0),0) -> 0 | N39: =IFERROR(MIN(VLOOKUP(C39,'[1]Shortage Analysis'!C$4:W$537,21,0),0),0) -> 0 | O39: =D39&E39 -> S18A SAIP (F)3.2 | P39: =IFERROR(VLOOKUP(O39,'NVL Stock'!$N$1:$O$444,2,0),0) -> 12792 | Q39: =P39*1000/#REF! -> #REF! | R39: =VLOOKUP(C39,ERP!$B$1:$BM$1616,64,0) -> LGSO3
A40: 33 | B40: 603-024 | C40: 030060-PB2W-AZ | D40: =IFERROR(VLOOKUP(C40,ERP!$B$1:$AN$1548,39,0),0) -> S18A SAIP (F) | E40: =IFERROR(VLOOKUP(C40,ERP!$B$1:$AO$1548,40,0),0) -> 2.46 | F40: 25,50,53 | G40: 5000000 | H40: 1478700 | I40: =G40-H40 -> 3521300 | K40: =94000+15000+66000+95000 -> 270000 | L40: 1760.65 | M40: =IFERROR(MIN(VLOOKUP(C40,'[1]Shortage Analysis'!C$4:U$537,19,0),0),0) -> -6985000 | N40: =IFERROR(MIN(VLOOKUP(C40,'[1]Shortage Analysis'!C$4:W$537,21,0),0),0) -> -9985000 | O40: =D40&E40 -> S18A SAIP (F)2.46 | P40: =IFERROR(VLOOKUP(O40,'NVL Stock'!$N$1:$O$444,2,0),0) -> 3881 | Q40: =P40*1000/#REF! -> #REF! | R40: =VLOOKUP(C40,ERP!$B$1:$BM$1616,64,0) -> 51800
A41: 34 | B41: 603-037 | C41: 040120-T12W | D41: =IFERROR(VLOOKUP(C41,ERP!$B$1:$AN$1548,39,0),0) -> S18A SAIP (F) | E41: =IFERROR(VLOOKUP(C41,ERP!$B$1:$AO$1548,40,0),0) -> 3.25 | F41: 26,28 | G41: 4000000 | H41: 1330000 | I41: =G41-H41 -> 2670000 | K41: =89000 -> 89000 | L41: 4218.6 | M41: =IFERROR(MIN(VLOOKUP(C41,'[1]Shortage Analysis'!C$4:U$537,19,0),0),0) -> -72418.8 | N41: =IFERROR(MIN(VLOOKUP(C41,'[1]Shortage Analysis'!C$4:W$537,21,0),0),0) -> -1018224.8 | O41: =D41&E41 -> S18A SAIP (F)3.25 | P41: =IFERROR(VLOOKUP(O41,'NVL Stock'!$N$1:$O$444,2,0),0) -> 7651 | Q41: =P41*1000/#REF! -> #REF! | R41: =VLOOKUP(C41,ERP!$B$1:$BM$1616,64,0) -> 20018
A42: 35 | B42: 603-050 | C42: 040180-T12W | D42: =IFERROR(VLOOKUP(C42,ERP!$B$1:$AN$1548,39,0),0) -> S18A SAIP (F) | E42: =IFERROR(VLOOKUP(C42,ERP!$B$1:$AO$1548,40,0),0) -> 3.25 | F42: 27 | G42: 1000000 | H42: 97100 | I42: =G42-H42 -> 902900 | K42: =82600 -> 82600 | L42: 1778.713 | M42: =IFERROR(MIN(VLOOKUP(C42,'[1]Shortage Analysis'!C$4:U$537,19,0),0),0) -> -1153019 | N42: =IFERROR(MIN(VLOOKUP(C42,'[1]Shortage Analysis'!C$4:W$537,21,0),0),0) -> -1221301 | O42: =D42&E42 -> S18A SAIP (F)3.25 | P42: =IFERROR(VLOOKUP(O42,'NVL Stock'!$N$1:$O$444,2,0),0) -> 7651 | Q42: =P42*1000/#REF! -> #REF! | R42: =VLOOKUP(C42,ERP!$B$1:$BM$1616,64,0) -> 40026
A43: 36 | B43: 603-047 | C43: 040160-T16H-Z | D43: =IFERROR(VLOOKUP(C43,ERP!$B$1:$AN$1548,39,0),0) -> STS304CU WSA | E43: =IFERROR(VLOOKUP(C43,ERP!$B$1:$AO$1548,40,0),0) -> 3.25 | F43: 28 | G43: 100000 | H43: 83100 | I43: =G43-H43 -> 16900 | K43: =28000+42500 -> 70500 | L43: 33.462 | M43: =IFERROR(MIN(VLOOKUP(C43,'[1]Shortage Analysis'!C$4:U$537,19,0),0),0) -> -5206.94 | N43: =IFERROR(MIN(VLOOKUP(C43,'[1]Shortage Analysis'!C$4:W$537,21,0),0),0) -> -5206.94 | O43: =D43&E43 -> STS304CU WSA3.25 | P43: =IFERROR(VLOOKUP(O43,'NVL Stock'!$N$1:$O$444,2,0),0) -> 791 | Q43: =P43*1000/#REF! -> #REF! | R43: =VLOOKUP(C43,ERP!$B$1:$BM$1616,64,0) -> 45002
A44: 37 | B44: 603-044 | C44: 040140-Y16H | D44: =IFERROR(VLOOKUP(C44,ERP!$B$1:$AN$1548,39,0),0) -> STS304CU WSA | E44: =IFERROR(VLOOKUP(C44,ERP!$B$1:$AO$1548,40,0),0) -> 3.28 | F44: 29 | G44: 200000 | H44: 174800 | I44: =G44-H44 -> 25200 | J44: TEST 3.3 | K44: =25600 -> 25600 | L44: 31.248 | M44: =IFERROR(MIN(VLOOKUP(C44,'[1]Shortage Analysis'!C$4:U$537,19,0),0),0) -> -202648 | N44: =IFERROR(MIN(VLOOKUP(C44,'[1]Shortage Analysis'!C$4:W$537,21,0),0),0) -> -202648 | O44: =D44&E44 -> STS304CU WSA3.28 | P44: =IFERROR(VLOOKUP(O44,'NVL Stock'!$N$1:$O$444,2,0),0) -> 246 | Q44: =P44*1000/#REF! -> #REF! | R44: =VLOOKUP(C44,ERP!$B$1:$BM$1616,64,0) -> 40059
A45: 38 | B45: 603-042 | C45: 040140-T12W-R | D45: =IFERROR(VLOOKUP(C45,ERP!$B$1:$AN$1548,39,0),0) -> S18A SAIP (F) | E45: =IFERROR(VLOOKUP(C45,ERP!$B$1:$AO$1548,40,0),0) -> 3.25 | G45: 300000 | H45: 0 | I45: =G45-H45 -> 300000 | L45: 501 | M45: =IFERROR(MIN(VLOOKUP(C45,'[1]Shortage Analysis'!C$4:U$537,19,0),0),0) -> -243847 | N45: =IFERROR(MIN(VLOOKUP(C45,'[1]Shortage Analysis'!C$4:W$537,21,0),0),0) -> -243847 | O45: =D45&E45 -> S18A SAIP (F)3.25 | P45: =IFERROR(VLOOKUP(O45,'NVL Stock'!$N$1:$O$444,2,0),0) -> 7651 | Q45: =P45*1000/#REF! -> #REF! | R45: =VLOOKUP(C45,ERP!$B$1:$BM$1616,64,0) -> 40055
A46: 39 | B46: 602-055 | C46: 040203-JS2W-C | D46: =IFERROR(VLOOKUP(C46,ERP!$B$1:$AN$1548,39,0),0) -> S18A SAIP (F) | E46: =IFERROR(VLOOKUP(C46,ERP!$B$1:$AO$1548,40,0),0) -> 3.55 | F46: 30 | G46: 300000 | H46: 178900 | I46: =G46-H46 -> 121100 | K46: =85600 -> 85600 | L46: 213.136 | M46: =IFERROR(MIN(VLOOKUP(C46,'[1]Shortage Analysis'!C$4:U$537,19,0),0),0) -> -253935 | N46: =IFERROR(MIN(VLOOKUP(C46,'[1]Shortage Analysis'!C$4:W$537,21,0),0),0) -> -287204 | O46: =D46&E46 -> S18A SAIP (F)3.55 | P46: =IFERROR(VLOOKUP(O46,'NVL Stock'!$N$1:$O$444,2,0),0) -> 1591 | Q46: =P46*1000/#REF! -> #REF! | R46: =VLOOKUP(C46,ERP!$B$1:$BM$1616,64,0) -> 40036
A47: 40 | F47: 51,52 | H47: 0 | J47: HƯ MÁY | L47: 0 | M47: =IFERROR(MIN(VLOOKUP(C47,'[1]Shortage Analysis'!C$4:U$537,19,0),0),0) -> 0 | N47: =IFERROR(MIN(VLOOKUP(C47,'[1]Shortage Analysis'!C$4:W$537,21,0),0),0) -> 0 | O47: =D47&E47 | P47: =IFERROR(VLOOKUP(O47,'NVL Stock'!$N$1:$O$444,2,0),0) -> 0 | Q47: =P47*1000/#REF! -> #REF! | R47: =VLOOKUP(C47,ERP!$B$1:$BM$1616,64,0) -> 0
A48: 41 | B48: 603-022 | C48: 030060-B59B-MQ | D48: =IFERROR(VLOOKUP(C48,ERP!$B$1:$AN$1548,39,0),0) -> S12A HD | E48: =IFERROR(VLOOKUP(C48,ERP!$B$1:$AO$1548,40,0),0) -> 2.6 | F48: 54 | G48: 700000 | H48: 431000 | I48: =G48-H48 -> 269000 | K48: =78000 -> 78000 | L48: 142.57 | M48: =IFERROR(MIN(VLOOKUP(C48,'[1]Shortage Analysis'!C$4:U$537,19,0),0),0) -> -1194000 | N48: =IFERROR(MIN(VLOOKUP(C48,'[1]Shortage Analysis'!C$4:W$537,21,0),0),0) -> -1194000 | O48: =D48&E48 -> S12A HD2.6 | P48: =IFERROR(VLOOKUP(O48,'NVL Stock'!$N$1:$O$444,2,0),0) -> 580 | Q48: =P48*1000/#REF! -> #REF! | R48: =VLOOKUP(C48,ERP!$B$1:$BM$1616,64,0) -> 50303
A49: 42 | B49: 603-031 | C49: 030120-P26H | D49: =IFERROR(VLOOKUP(C49,ERP!$B$1:$AN$1548,39,0),0) -> STS304CU WSA | E49: =IFERROR(VLOOKUP(C49,ERP!$B$1:$AO$1548,40,0),0) -> 2.46 | F49: 55 | G49: 300000 | H49: 180000 | I49: =G49-H49 -> 120000 | K49: =49000 -> 49000 | L49: 79.2 | M49: =IFERROR(MIN(VLOOKUP(C49,'[1]Shortage Analysis'!C$4:U$537,19,0),0),0) -> -671076 | N49: =IFERROR(MIN(VLOOKUP(C49,'[1]Shortage Analysis'!C$4:W$537,21,0),0),0) -> -671076 | O49: =D49&E49 -> STS304CU WSA2.46 | P49: =IFERROR(VLOOKUP(O49,'NVL Stock'!$N$1:$O$444,2,0),0) -> 497 | Q49: =P49*1000/#REF! -> #REF! | R49: =VLOOKUP(C49,ERP!$B$1:$BM$1616,64,0) -> 20062
A50: 43 | B50: 603-027 | C50: 030080-P26H | D50: =IFERROR(VLOOKUP(C50,ERP!$B$1:$AN$1548,39,0),0) -> STS304CU WSA | E50: =IFERROR(VLOOKUP(C50,ERP!$B$1:$AO$1548,40,0),0) -> 2.46 | G50: 100000 | H50: 0 | I50: =G50-H50 -> 100000 | L50: 53 | M50: =IFERROR(MIN(VLOOKUP(C50,'[1]Shortage Analysis'!C$4:U$537,19,0),0),0) -> -110000 | N50: =IFERROR(MIN(VLOOKUP(C50,'[1]Shortage Analysis'!C$4:W$537,21,0),0),0) -> -110000 | O50: =D50&E50 -> STS304CU WSA2.46 | P50: =IFERROR(VLOOKUP(O50,'NVL Stock'!$N$1:$O$444,2,0),0) -> 497 | Q50: =P50*1000/#REF! -> #REF! | R50: =VLOOKUP(C50,ERP!$B$1:$BM$1616,64,0) -> 52801
A51: Total | I51: =SUM(I12:I50) -> 13750500 | O51: =D51&E51 | P51: =IFERROR(VLOOKUP(O51,'NVL Stock'!$N$1:$O$444,2,0),0) -> 0

Sheet ERP
A1: Master Code | B1: Mã s?n ph?m | C1: Tên s?n ph?m | D1: Mã s? công ty | E1: Ðánh giá | F1: Ngày dang ký | G1: Mã s? ch?nh lý | H1: Quy cách | I1: Ðon v? | J1: Ðon v? dóng gói | K1: -1 | L1: -2 | M1: -3 | N1: -4 | O1: -5 | P1: -6 | Q1: -7 | R1: -8 | S1: -9 | T1: -10 | U1: -11 | V1: -12 | W1: H/D Ðon v? tr?ng lu?ng | X1: Ðon v? tr?ng lu?ng | Y1: Quãng du?ng c?t | Z1: Chi?u dài | AA1: X? lý nhi?t | AB1: Ðon v? d? c?ng | AC1: Ð? c?ng b? m?t | AD1: Ð? c?ng lõi | AE1: X? lý b? m?t | AF1: Ð? dày chính | AG1: Ð? dày th? 2 | AH1: Lo?i gia công | AI1: Mã B?n v? quy trình | AJ1: Nguyên v?t li?u | AK1: T?n kho an toàn | AL1: Phân lo?i ph? | AM1: Ngày ph? | AN1: Ch?t li?u | AO1: Quy cách | AP1: Heading, Foaming | AQ1: Rolling, Sem`s, Tapping | AR1: Gia công, c?t t?a, c?t | AS1: X? lý nhi?t | AT1: M? | AU1: Son ph? | AV1: Ðóng gói | AW1: Hàng còn hay h?t | AX1: Ngày dang ký | BA1: Sub GdCode1 | BB1: Sub GdCode2 | BC1: Sub GdCode3 | BD1: Sub GdCode4 | BE1: Sub GdCode5 | BG1: CÔNG ĐOẠN | BH1: S/M | BI1: C/O | BJ1: M/C HD | BK1: M/C RL | BL1: M/C CT | BM1: Master code
A2: 52401 | B2: #60400-P12W | C2: PH DWS-SS (2Line) | D2: BSVN | F2: 43879 | H2: #6x40 | I2: EA | J2: 0 | K2: 6S | O2: TS1 | W2: 2.51 | X2: 2.45 | Y2: 0 | Z2: 0 | AA2: 2 | AE2: W | AI2: 60 | AJ2: 1810290 | AK2: 0 | AN2: S18A SAIP | AO2: 2.9 | AX2: 20200218 | AY2: 10[H/D],30[R/L],70[&gt;H/T],80[&gt;P/T],85[ST/ PK],99[P/K] | BG2: =IF(LEFT(AY2,2)="98","X","O") -> O | BH2: =IF(IFERROR(SEARCH("45",$AY2,1),0)>0,"Y","") | BI2: =IF(IFERROR(SEARCH("86",$AY2,1),0)>0,"Y","") | BJ2: =IF(L2="",K2,IF(M2="",K2&","&L2,IF(N2="",K2&","&L2&","&M2,K2&","&L2&","&M2&","&N2))) -> 6S | BK2: =IF(P2="",O2,IF(Q2="",O2&","&P2,IF(R2="",O2&","&P2&","&Q2,IO2&","&P2&","&Q2&","&R2))) -> TS1 | BL2: =IF(S2=0,"",S2) | BM2: =A2 -> 52401
B3: #80130-PDEZ-S | C3: PH SDS SE | D3: TBVN | F3: 43713 | H3: #8x13 | I3: EA | J3: 2000 | K3: Z | W3: 1.4 | X3: 1.49 | Y3: 0 | Z3: 0 | AA3: E | AE3: Z | AI3: 15 | AJ3: P02200325 | AK3: 0 | AL3: 0 | AN3: S22A SAIP | AO3: 0 | AX3: 20190905 | AY3: 98[PUR],70[&gt;H/T],80[&gt;P/T],85[ST/ PK],99[P/K] | BG3: =IF(LEFT(AY3,2)="98","X","O") -> X | BH3: =IF(IFERROR(SEARCH("45",$AY3,1),0)>0,"Y","") | BI3: =IF(IFERROR(SEARCH("86",$AY3,1),0)>0,"Y","") | BJ3: =IF(L3="",K3,IF(M3="",K3&","&L3,IF(N3="",K3&","&L3&","&M3,K3&","&L3&","&M3&","&N3))) -> Z | BK3: =IF(P3="",O3,IF(Q3="",O3&","&P3,IF(R3="",O3&","&P3&","&Q3,IO3&","&P3&","&Q3&","&R3))) -> 0 | BL3: =IF(S3=0,"",S3) | BM3: =A3 -> 0
B4: #80160-CD5H | C4: PH/W SDS | D4: HPW | F4: 43882 | H4: #8x16 | I4: EA | J4: 2000 | K4: Z | W4: 0 | X4: 1.53 | Y4: 0 | Z4: 0 | AA4: 7 | AE4: H | AI4: 80 | AJ4: 4100325 | AK4: 0 | AN4: STS410 WSA | AO4: 3.25 | AX4: 20200221 | AY4: 98[PUR],85[ST/ PK],99[P/K] | BG4: =IF(LEFT(AY4,2)="98","X","O") -> X | BH4: =IF(IFERROR(SEARCH("45",$AY4,1),0)>0,"Y","") | BI4: =IF(IFERROR(SEARCH("86",$AY4,1),0)>0,"Y","") | BJ4: =IF(L4="",K4,IF(M4="",K4&","&L4,IF(N4="",K4&","&L4&","&M4,K4&","&L4&","&M4&","&N4))) -> Z | BK4: =IF(P4="",O4,IF(Q4="",O4&","&P4,IF(R4="",O4&","&P4&","&Q4,IO4&","&P4&","&Q4&","&R4))) -> 0 | BL4: =IF(S4=0,"",S4) | BM4: =A4 -> 0
B5: #80160-JD5H | C5: FH SDS | D5: HPW | F5: 43882 | H5: #8x16 | I5: EA | J5: 3000 | K5: Z | W5: 0 | X5: 1.17 | Y5: 0 | Z5: 0 | AA5: 7 | AE5: H | AI5: 80 | AJ5: 4100325 | AK5: 0 | AN5: STS410 WSA | AO5: 3.25 | AX5: 20200221 | AY5: 98[PUR],85[ST/ PK],99[P/K] | BG5: =IF(LEFT(AY5,2)="98","X","O") -> X | BH5: =IF(IFERROR(SEARCH("45",$AY5,1),0)>0,"Y","") | BI5: =IF(IFERROR(SEARCH("86",$AY5,1),0)>0,"Y","") | BJ5: =IF(L5="",K5,IF(M5="",K5&","&L5,IF(N5="",K5&","&L5&","&M5,K5&","&L5&","&M5&","&N5))) -> Z | BK5: =IF(P5="",O5,IF(Q5="",O5&","&P5,IF(R5="",O5&","&P5&","&Q5,IO5&","&P5&","&Q5&","&R5))) -> 0 | BL5: =IF(S5=0,"",S5) | BM5: =A5 -> 0
B6: #80160-PDEW | C6: PH SelfDrillingScrew | D6: SEHC-R | F6: 43705 | H6: #8x16 | I6: EA | J6: 2000 | K6: Z | W6: 1.74 | X6: 1.74 | Y6: 0 | Z6: 0 | AA6: E | AE6: W | AI6: 15 | AJ6: P02200325 | AK6: 0 | AN6: S22A SAIP | AO6: 0 | AX6: 20190828 | AY6: 98[PUR],70[&gt;H/T],80[&gt;P/T],85[ST/ PK],99[P/K] | BG6: =IF(LEFT(AY6,2)="98","X","O") -> X | BH6: =IF(IFERROR(SEARCH("45",$AY6,1),0)>0,"Y","") | BI6: =IF(IFERROR(SEARCH("86",$AY6,1),0)>0,"Y","") | BJ6: =IF(L6="",K6,IF(M6="",K6&","&L6,IF(N6="",K6&","&L6&","&M6,K6&","&L6&","&M6&","&N6))) -> Z | BK6: =IF(P6="",O6,IF(Q6="",O6&","&P6,IF(R6="",O6&","&P6&","&Q6,IO6&","&P6&","&Q6&","&R6))) -> 0 | BL6: =IF(S6=0,"",S6) | BM6: =A6 -> 0
B7: #80160-PSEW | C7: PH ???? | D7: JGPP | F7: 42929 | H7: #8 x 16 | I7: EA | J7: 2000 | K7: Z | W7: 0 | X7: 1.73 | Y7: 0 | Z7: 0 | AA7: 2 | AE7: W | AI7: 15 | AJ7: P11810000 | AK7: 0 | AN7: S18A SAIP | AO7: 0 | AV7: 46023 | AX7: 20170713 | AY7: 98[PUR],70[&gt;H/T],80[&gt;P/T],85[ST/ PK],99[P/K] | BG7: =IF(LEFT(AY7,2)="98","X","O") -> X | BH7: =IF(IFERROR(SEARCH("45",$AY7,1),0)>0,"Y","") | BI7: =IF(IFERROR(SEARCH("86",$AY7,1),0)>0,"Y","") | BJ7: =IF(L7="",K7,IF(M7="",K7&","&L7,IF(N7="",K7&","&L7&","&M7,K7&","&L7&","&M7&","&N7))) -> Z | BK7: =IF(P7="",O7,IF(Q7="",O7&","&P7,IF(R7="",O7&","&P7&","&Q7,IO7&","&P7&","&Q7&","&R7))) -> 0 | BL7: =IF(S7=0,"",S7) | BM7: =A7 -> 0
A8: 99005 | B8: #80180-F12Z-5P | C8: FL + T/S-1 PVC/W | D8: HSBK | F8: 43393 | H8: #8 x18 | I8: EA | J8: 1000 | K8: M4 | O8: TS1 | W8: 2.15 | X8: 2.18 | Y8: 0 | Z8: 0 | AA8: 2 | AE8: Z | AI8: 74 | AJ8: 1850330 | AK8: 0 | AN8: S18A SAIP (F) | AO8: 3.3 | AV8: 46024 | AX8: 20181020 | AY8: 10[H/D],30[R/L],70[&gt;H/T],80[&gt;P/T],84[&gt;A/B],85[ST/ PK],99[P/K] | AZ8: 038100-1050-5F | BG8: =IF(LEFT(AY8,2)="98","X","O") -> O | BH8: =IF(IFERROR(SEARCH("45",$AY8,1),0)>0,"Y","") | BI8: =IF(IFERROR(SEARCH("86",$AY8,1),0)>0,"Y","") | BJ8: =IF(L8="",K8,IF(M8="",K8&","&L8,IF(N8="",K8&","&L8&","&M8,K8&","&L8&","&M8&","&N8))) -> M4 | BK8: =IF(P8="",O8,IF(Q8="",O8&","&P8,IF(R8="",O8&","&P8&","&Q8,IO8&","&P8&","&Q8&","&R8))) -> TS1 | BL8: =IF(S8=0,"",S8) | BM8: =A8 -> 99005
B9: 0 | C9: Bolt test ERP | D9: PONA | F9: 44345 | J9: 0 | K9: 9B | O9: M4 | W9: 1 | X9: 1.1 | Y9: 0 | Z9: 0 | AI9: 199 | AJ9: P0000 | AK9: 0 | AN9: 0 | AO9: 0 | AX9: 20210529 | AY9: 10[H/D],45[S/R],85[ST/ PK],99[P/K] | BG9: =IF(LEFT(AY9,2)="98","X","O") -> O | BH9: =IF(IFERROR(SEARCH("45",$AY9,1),0)>0,"Y","") -> Y | BI9: =IF(IFERROR(SEARCH("86",$AY9,1),0)>0,"Y","") | BJ9: =IF(L9="",K9,IF(M9="",K9&","&L9,IF(N9="",K9&","&L9&","&M9,K9&","&L9&","&M9&","&N9))) -> 9B | BK9: =IF(P9="",O9,IF(Q9="",O9&","&P9,IF(R9="",O9&","&P9&","&Q9,IO9&","&P9&","&Q9&","&R9))) -> M4 | BL9: =IF(S9=0,"",S9) | BM9: =A9 -> 0
A10: 40210 | B10: 020030-YB2B | C10: FLATNESS TTS-B | D10: SHARP | F10: 45000 | H10: 2*3 | I10: EA | J10: 50000 | K10: M3 | O10: M3 | W10: 0.13 | X10: 0.11 | Y10: 0 | Z10: 0 | AA10: 2 | AE10: B | AI10: 80 | AJ10: 1850169 | AK10: 0 | AN10: S18A SAIP (F) | AO10: 1.69 | AX10: 20230315 | AY10: 98[PUR],85[ST/ PK],99[P/K] | BG10: =IF(LEFT(AY10,2)="98","X","O") -> X | BH10: =IF(IFERROR(SEARCH("45",$AY10,1),0)>0,"Y","") | BI10: =IF(IFERROR(SEARCH("86",$AY10,1),0)>0,"Y","") | BJ10: =IF(L10="",K10,IF(M10="",K10&","&L10,IF(N10="",K10&","&L10&","&M10,K10&","&L10&","&M10&","&N10))) -> M3 | BK10: =IF(P10="",O10,IF(Q10="",O10&","&P10,IF(R10="",O10&","&P10&","&Q10,IO10&","&P10&","&Q10&","&R10))) -> M3 | BL10: =IF(S10=0,"",S10) | BM10: =A10 -> 40210
A11: 55019 | B11: 020050-P51K | C11: PH(ISO 7045) M/S(6g) | D11: FRIW | F11: 45493 | H11: M2x5 | I11: EA | J11: 0 | K11: M3 | O11: M3 | W11: 0.19 | X11: 0.19 | Y11: 0 | Z11: 0 | AA11: 0 | AE11: K | AI11: 57 | AJ11: 1000169 | AK11: 0 | AL11: 0 | AN11: S10A HD | AO11: 1.69 | AX11: 20240720 | AY11: 10[H/D],30[R/L],80[&gt;P/T],85[ST/ PK],99[P/K] | BG11: =IF(LEFT(AY11,2)="98","X","O") -> O | BH11: =IF(IFERROR(SEARCH("45",$AY11,1),0)>0,"Y","") | BI11: =IF(IFERROR(SEARCH("86",$AY11,1),0)>0,"Y","") | BJ11: =IF(L11="",K11,IF(M11="",K11&","&L11,IF(N11="",K11&","&L11&","&M11,K11&","&L11&","&M11&","&N11))) -> M3 | BK11: =IF(P11="",O11,IF(Q11="",O11&","&P11,IF(R11="",O11&","&P11&","&Q11,IO11&","&P11&","&Q11&","&R11))) -> M3 | BL11: =IF(S11=0,"",S11) | BM11: =A11 -> 55019
B12: 020050-P56H | C12: PH M/S (SUS304) | D12: SCON | F12: 43343 | H12: M2*5 | I12: EA | J12: 20000 | K12: Z | W12: 0 | X12: 0.17 | Y12: 0 | Z12: 0 | AA12: 0 | AE12: H | AI12: 80 | AJ12: 3040160 | AK12: 0 | AL12: 0 | AN12: STS304CU WSA | AO12: 1.6 | AV12: 46025 | AX12: 20180831 | AY12: 98[PUR],85[ST/ PK],99[P/K] | BG12: =IF(LEFT(AY12,2)="98","X","O") -> X | BH12: =IF(IFERROR(SEARCH("45",$AY12,1),0)>0,"Y","") | BI12: =IF(IFERROR(SEARCH("86",$AY12,1),0)>0,"Y","") | BJ12: =IF(L12="",K12,IF(M12="",K12&","&L12,IF(N12="",K12&","&L12&","&M12,K12&","&L12&","&M12&","&N12))) -> Z | BK12: =IF(P12="",O12,IF(Q12="",O12&","&P12,IF(R12="",O12&","&P12&","&Q12,IO12&","&P12&","&Q12&","&R12))) -> 0 | BL12: =IF(S12=0,"",S12) | BM12: =A12 -> 0
A13: 40207 | B13: 020060-B62W | C13: BH T/S-2(NO CUTTING) | D13: SHARP | F13: 43992 | H13: 2x6 | I13: EA | J13: 5000 | K13: M3 | O13: M3 | W13: 0.2 | X13: 0.2 | Y13: 0 | Z13: 0 | AA13: 2 | AE13: W | AI13: 60 | AJ13: 1850171 | AK13: 0 | AN13: S18A SAIP (F) | AO13: 1.71 | AX13: 20200610 | AY13: 10[H/D],30[R/L],70[&gt;H/T],80[&gt;P/T],85[ST/ PK],99[P/K] | BG13: =IF(LEFT(AY13,2)="98","X","O") -> O | BH13: =IF(IFERROR(SEARCH("45",$AY13,1),0)>0,"Y","") | BI13: =IF(IFERROR(SEARCH("86",$AY13,1),0)>0,"Y","") | BJ13: =IF(L13="",K13,IF(M13="",K13&","&L13,IF(N13="",K13&","&L13&","&M13,K13&","&L13&","&M13&","&N13))) -> M3 | BK13: =IF(P13="",O13,IF(Q13="",O13&","&P13,IF(R13="",O13&","&P13&","&Q13,IO13&","&P13&","&Q13&","&R13))) -> M3 | BL13: =IF(S13=0,"",S13) | BM13: =A13 -> 40207
A14: 40208 | B14: 020060-PB2W | C14: PH TTS-B | D14: SHARP | F14: 45359 | H14: 2x6 | I14: EA | J14: 5000 | K14: M3 | O14: M3 | W14: 0.15 | X14: 0.15 | Y14: 0 | Z14: 0 | AA14: 2 | AE14: W | AI14: 60 | AJ14: 1850169 | AK14: 0 | AL14: 0 | AN14: S18A SAIP (F) | AO14: 1.69 | AX14: 20240308 | AY14: 10[H/D],30[R/L],70[&gt;H/T],80[&gt;P/T],85[ST/ PK],99[P/K] | BG14: =IF(LEFT(AY14,2)="98","X","O") -> O | BH14: =IF(IFERROR(SEARCH("45",$AY14,1),0)>0,"Y","") | BI14: =IF(IFERROR(SEARCH("86",$AY14,1),0)>0,"Y","") | BJ14: =IF(L14="",K14,IF(M14="",K14&","&L14,IF(N14="",K14&","&L14&","&M14,K14&","&L14&","&M14&","&N14))) -> M3 | BK14: =IF(P14="",O14,IF(Q14="",O14&","&P14,IF(R14="",O14&","&P14&","&Q14,IO14&","&P14&","&Q14&","&R14))) -> M3 | BL14: =IF(S14=0,"",S14) | BM14: =A14 -> 40208
A15: 51807 | B15: 020075-PP2B | C15: PH TTS-P | D15: NAMI | F15: 43880 | H15: 2x7.5 | I15: EA | J15: 20000 | K15: M3 | O15: M3 | W15: 0.16 | X15: 0.17 | Y15: 0 | Z15: 0 | AA15: 2 | AE15: B | AI15: 60 | AJ15: 1850165 | AK15: 0 | AN15: S18A SAIP (F) | AO15: 1.65 | AX15: 20200219 | AY15: 10[H/D],30[R/L],70[&gt;H/T],80[&gt;P/T],85[ST/ PK],99[P/K] | BG15: =IF(LEFT(AY15,2)="98","X","O") -> O | BH15: =IF(IFERROR(SEARCH("45",$AY15,1),0)>0,"Y","") | BI15: =IF(IFERROR(SEARCH("86",$AY15,1),0)>0,"Y","") | BJ15: =IF(L15="",K15,IF(M15="",K15&","&L15,IF(N15="",K15&","&L15&","&M15,K15&","&L15&","&M15&","&N15))) -> M3 | BK15: =IF(P15="",O15,IF(Q15="",O15&","&P15,IF(R15="",O15&","&P15&","&Q15,IO15&","&P15&","&Q15&","&R15))) -> M3 | BL15: =IF(S15=0,"",S15) | BM15: =A15 -> 51807
A16: 20066 | B16: 020130-Z06H | C16: SHAFT HINGE | D16: SEHC | F16: 44050 | H16: 2x13 | I16: EA | J16: 5000 | K16: M3 | W16: 0.32 | X16: 0.35 | Y16: 0 | Z16: 0 | AA16: 0 | AE16: H | AI16: 86 | AJ16: 3330020 | AK16: 0 | AN16: STS304J3S WSB | AO16: 2 | AX16: 20200807 | AY16: 10[H/D],68[&gt;BF/PT],85[ST/ PK],99[P/K] | BG16: =IF(LEFT(AY16,2)="98","X","O") -> O | BH16: =IF(IFERROR(SEARCH("45",$AY16,1),0)>0,"Y","") | BI16: =IF(IFERROR(SEARCH("86",$AY16,1),0)>0,"Y","") | BJ16: =IF(L16="",K16,IF(M16="",K16&","&L16,IF(N16="",K16&","&L16&","&M16,K16&","&L16&","&M16&","&N16))) -> M3 | BK16: =IF(P16="",O16,IF(Q16="",O16&","&P16,IF(R16="",O16&","&P16&","&Q16,IO16&","&P16&","&Q16&","&R16))) -> 0 | BL16: =IF(S16=0,"",S16) | BM16: =A16 -> 20066
A17: 51830 | B17: 020170-P51W | C17: PH M/S | D17: NAMI | F17: 44567 | H17: 2x17 | I17: EA | J17: 10000 | K17: M3 | O17: M3 | W17: 0.35 | X17: 0.36 | Y17: 0 | Z17: 0 | AA17: 0 | AE17: W | AI17: 57 | AJ17: 1000169 | AK17: 0 | AN17: S10A HD | AO17: 1.69 | AX17: 20220106 | AY17: 10[H/D],30[R/L],80[&gt;P/T],85[ST/ PK],99[P/K] | BG17: =IF(LEFT(AY17,2)="98","X","O") -> O | BH17: =IF(IFERROR(SEARCH("45",$AY17,1),0)>0,"Y","") | BI17: =IF(IFERROR(SEARCH("86",$AY17,1),0)>0,"Y","") | BJ17: =IF(L17="",K17,IF(M17="",K17&","&L17,IF(N17="",K17&","&L17&","&M17,K17&","&L17&","&M17&","&N17))) -> M3 | BK17: =IF(P17="",O17,IF(Q17="",O17&","&P17,IF(R17="",O17&","&P17&","&Q17,IO17&","&P17&","&Q17&","&R17))) -> M3 | BL17: =IF(S17=0,"",S17) | BM17: =A17 -> 51830
B18: 025051-0780-3 | C18: SPRING WASHER | D18: HSV | F18: 45007 | H18: 2.5*5.1*0.7T | I18: EA | J18: 0 | W18: 0 | X18: 0 | Y18: 0 | Z18: 0 | AA18: 0 | AE18: 0 | AI18: 84 | AJ18: P15400001 | AK18: 0 | AL18: 0 | AN18: S/W SWCH62 | AO18: 0.7T | AX18: 20230322 | AY18: 98[PUR],45[S/R] | BG18: =IF(LEFT(AY18,2)="98","X","O") -> X | BH18: =IF(IFERROR(SEARCH("45",$AY18,1),0)>0,"Y","") -> Y | BI18: =IF(IFERROR(SEARCH("86",$AY18,1),0)>0,"Y","") | BJ18: =IF(L18="",K18,IF(M18="",K18&","&L18,IF(N18="",K18&","&L18&","&M18,K18&","&L18&","&M18&","&N18))) -> 0 | BK18: =IF(P18="",O18,IF(Q18="",O18&","&P18,IF(R18="",O18&","&P18&","&Q18,IO18&","&P18&","&Q18&","&R18))) -> 0 | BL18: =IF(S18=0,"",S18) | BM18: =A18 -> 0
B19: 026080-0500-2F | C19: PLAIN WASHER | D19: HSV | F19: 44288 | H19: 2.6x8.0x0.5T | I19: EA | J19: 0 | K19: Z | W19: 0.18 | X19: 0.18 | Y19: 0 | Z19: 0 | AA19: 0 | AB19: 0 | AE19: 0 | AI19: 84 | AJ19: P15500001 | AK19: 0 | AL19: 0 | AN19: P/W SPCC | AO19: 0.5T | AX19: 20210402 | AY19: 98[PUR],45[S/R] | BG19: =IF(LEFT(AY19,2)="98","X","O") -> X | BH19: =IF(IFERROR(SEARCH("45",$AY19,1),0)>0,"Y","") -> Y | BI19: =IF(IFERROR(SEARCH("86",$AY19,1),0)>0,"Y","") | BJ19: =IF(L19="",K19,IF(M19="",K19&","&L19,IF(N19="",K19&","&L19&","&M19,K19&","&L19&","&M19&","&N19))) -> Z | BK19: =IF(P19="",O19,IF(Q19="",O19&","&P19,IF(R19="",O19&","&P19&","&Q19,IO19&","&P19&","&Q19&","&R19))) -> 0 | BL19: =IF(S19=0,"",S19) | BM19: =A19 -> 0
B20: 027055-0780-3 | C20: SPRING WASHER | D20: HSV | F20: 44288 | H20: 2.7x5.5x0.7T | I20: EA | J20: 0 | K20: Z | W20: 0.08 | X20: 0.08 | Y20: 0 | Z20: 0 | AA20: 0 | AE20: 0 | AI20: 84 | AJ20: P15400001 | AK20: 0 | AL20: 0 | AN20: S/W SWCH62 | AO20: 0.7T | AX20: 20210402 | AY20: 98[PUR],45[S/R] | BG20: =IF(LEFT(AY20,2)="98","X","O") -> X | BH20: =IF(IFERROR(SEARCH("45",$AY20,1),0)>0,"Y","") -> Y | BI20: =IF(IFERROR(SEARCH("86",$AY20,1),0)>0,"Y","") | BJ20: =IF(L20="",K20,IF(M20="",K20&","&L20,IF(N20="",K20&","&L20&","&M20,K20&","&L20&","&M20&","&N20))) -> Z | BK20: =IF(P20="",O20,IF(Q20="",O20&","&P20,IF(R20="",O20&","&P20&","&Q20,IO20&","&P20&","&Q20&","&R20))) -> 0 | BL20: =IF(S20=0,"",S20) | BM20: =A20 -> 0
B21: 027060-0600-2F | C21: PLAIN WASHER | D21: HSV | F21: 44288 | H21: 2.7x6.0x0.6T | J21: 0 | K21: Z | W21: 0.07 | X21: 0.07 | Y21: 0 | Z21: 0 | AA21: 0 | AE21: 0 | AI21: 84 | AJ21: P15500002 | AK21: 0 | AN21: P/W SPCC | AO21: 0.6T | AX21: 20210402 | AY21: 98[PUR],45[S/R] | BG21: =IF(LEFT(AY21,2)="98","X","O") -> X | BH21: =IF(IFERROR(SEARCH("45",$AY21,1),0)>0,"Y","") -> Y | BI21: =IF(IFERROR(SEARCH("86",$AY21,1),0)>0,"Y","") | BJ21: =IF(L21="",K21,IF(M21="",K21&","&L21,IF(N21="",K21&","&L21&","&M21,K21&","&L21&","&M21&","&N21))) -> Z | BK21: =IF(P21="",O21,IF(Q21="",O21&","&P21,IF(R21="",O21&","&P21&","&Q21,IO21&","&P21&","&Q21&","&R21))) -> 0 | BL21: =IF(S21=0,"",S21) | BM21: =A21 -> 0
A22: 52102 | B22: 030030-P51N | C22: PH M/S | D22: HANM | F22: 43774 | H22: 3x3 | I22: EA | J22: 0 | K22: M3 | O22: M3 | W22: 0.35 | X22: 0.38 | Y22: 0 | Z22: 0 | AA22: 0 | AE22: N | AI22: 57 | AJ22: 1000260 | AK22: 0 | AL22: 0 | AN22: S10A HD | AO22: 2.6 | AX22: 20191105 | AY22: 10[H/D],30[R/L],80[&gt;P/T],85[ST/ PK],99[P/K] | BG22: =IF(LEFT(AY22,2)="98","X","O") -> O | BH22: =IF(IFERROR(SEARCH("45",$AY22,1),0)>0,"Y","") | BI22: =IF(IFERROR(SEARCH("86",$AY22,1),0)>0,"Y","") | BJ22: =IF(L22="",K22,IF(M22="",K22&","&L22,IF(N22="",K22&","&L22&","&M22,K22&","&L22&","&M22&","&N22))) -> M3 | BK22: =IF(P22="",O22,IF(Q22="",O22&","&P22,IF(R22="",O22&","&P22&","&Q22,IO22&","&P22&","&Q22&","&R22))) -> M3 | BL22: =IF(S22=0,"",S22) | BM22: =A22 -> 52102
A23: 50314 | B23: 030030-Z54B-H | C23: LOWHEADBOLTSOCKET M3 | D23: BRSG | F23: 44930 | H23: M3*3 | I23: EA | J23: 10000 | K23: M3 | O23: M3 | W23: 0.38 | X23: 0.36 | Y23: 0 | Z23: 0 | AA23: 303 | AE23: B | AI23: 60 | AJ23: 4350260 | AK23: 0 | AL23: 0 | AN23: SCM435 PASAIP | AO23: 2.6 | AX23: 20230104 | AY23: 10[H/D],30[R/L],70[&gt;H/T],80[&gt;P/T],85[ST/ PK],99[P/K] | BG23: =IF(LEFT(AY23,2)="98","X","O") -> O | BH23: =IF(IFERROR(SEARCH("45",$AY23,1),0)>0,"Y","") | BI23: =IF(IFERROR(SEARCH("86",$AY23,1),0)>0,"Y","") | BJ23: =IF(L23="",K23,IF(M23="",K23&","&L23,IF(N23="",K23&","&L23&","&M23,K23&","&L23&","&M23&","&N23))) -> M3 | BK23: =IF(P23="",O23,IF(Q23="",O23&","&P23,IF(R23="",O23&","&P23&","&Q23,IO23&","&P23&","&Q23&","&R23))) -> M3 | BL23: =IF(S23=0,"",S23) | BM23: =A23 -> 50314
A24: 52105 | B24: 030040-B51N-S | C24: BH M/S SE | D24: HANM | F24: 43775 | H24: 3x4 | I24: EA | J24: 5000 | K24: M3 | O24: M3 | W24: 0.45 | X24: 0.45 | Y24: 0 | Z24: 0 | AA24: 0 | AE24: N | AI24: 57 | AJ24: 1000260 | AK24: 0 | AL24: 0 | AN24: S10A HD | AO24: 2.6 | AX24: 20191106 | AY24: 10[H/D],30[R/L],80[&gt;P/T],85[ST/ PK],99[P/K] | BG24: =IF(LEFT(AY24,2)="98","X","O") -> O | BH24: =IF(IFERROR(SEARCH("45",$AY24,1),0)>0,"Y","") | BI24: =IF(IFERROR(SEARCH("86",$AY24,1),0)>0,"Y","") | BJ24: =IF(L24="",K24,IF(M24="",K24&","&L24,IF(N24="",K24&","&L24&","&M24,K24&","&L24&","&M24&","&N24))) -> M3 | BK24: =IF(P24="",O24,IF(Q24="",O24&","&P24,IF(R24="",O24&","&P24&","&Q24,IO24&","&P24&","&Q24&","&R24))) -> M3 | BL24: =IF(S24=0,"",S24) | BM24: =A24 -> 52105
A25: 52103 | B25: 030040-C51N | C25: PH/W M/S | D25: HANM | F25: 43775 | H25: 3x4 | I25: EA | J25: 5000 | K25: M3 | O25: M3 | W25: 0.54 | X25: 0.54 | Y25: 0 | Z25: 0 | AA25: 0 | AE25: N | AI25: 57 | AJ25: 1000260 | AK25: 0 | AL25: 0 | AN25: S10A HD | AO25: 2.6 | AX25: 20191106 | AY25: 10[H/D],30[R/L],80[&gt;P/T],85[ST/ PK],99[P/K] | BG25: =IF(LEFT(AY25,2)="98","X","O") -> O | BH25: =IF(IFERROR(SEARCH("45",$AY25,1),0)>0,"Y","") | BI25: =IF(IFERROR(SEARCH("86",$AY25,1),0)>0,"Y","") | BJ25: =IF(L25="",K25,IF(M25="",K25&","&L25,IF(N25="",K25&","&L25&","&M25,K25&","&L25&","&M25&","&N25))) -> M3 | BK25: =IF(P25="",O25,IF(Q25="",O25&","&P25,IF(R25="",O25&","&P25&","&Q25,IO25&","&P25&","&Q25&","&R25))) -> M3 | BL25: =IF(S25=0,"",S25) | BM25: =A25 -> 52103
A26: 52104 | B26: 030040-P51N | C26: PH M/S | D26: HANM | F26: 43774 | H26: 3x4 | I26: EA | J26: 5000 | K26: M3 | O26: M3 | W26: 0.41 | X26: 0.4 | Y26: 0 | Z26: 0 | AA26: 0 | AE26: N | AI26: 57 | AJ26: 1000260 | AK26: 0 | AL26: 0 | AN26: S10A HD | AO26: 2.6 | AX26: 20191105 | AY26: 10[H/D],30[R/L],80[&gt;P/T],85[ST/ PK],99[P/K] | BG26: =IF(LEFT(AY26,2)="98","X","O") -> O | BH26: =IF(IFERROR(SEARCH("45",$AY26,1),0)>0,"Y","") | BI26: =IF(IFERROR(SEARCH("86",$AY26,1),0)>0,"Y","") | BJ26: =IF(L26="",K26,IF(M26="",K26&","&L26,IF(N26="",K26&","&L26&","&M26,K26&","&L26&","&M26&","&N26))) -> M3 | BK26: =IF(P26="",O26,IF(Q26="",O26&","&P26,IF(R26="",O26&","&P26&","&Q26,IO26&","&P26&","&Q26&","&R26))) -> M3 | BL26: =IF(S26=0,"",S26) | BM26: =A26 -> 52104
A27: 51812 | B27: 030045-B62B | C27: BH T/S-2(NO CUTTING) | D27: NAMI | F27: 44014 | H27: 3x4.5 | I27: EA | J27: 0 | K27: M3 | O27: M3 | W27: 0.49 | X27: 0.51 | Y27: 0 | Z27: 0 | AA27: 2 | AE27: B | AI27: 60 | AJ27: 1850246 | AK27: 0 | AN27: S18A SAIP (F) | AO27: 2.46 | AX27: 20200702 | AY27: 10[H/D],30[R/L],70[&gt;H/T],80[&gt;P/T],85[ST/ PK],99[P/K] | BG27: =IF(LEFT(AY27,2)="98","X","O") -> O | BH27: =IF(IFERROR(SEARCH("45",$AY27,1),0)>0,"Y","") | BI27: =IF(IFERROR(SEARCH("86",$AY27,1),0)>0,"Y","") | BJ27: =IF(L27="",K27,IF(M27="",K27&","&L27,IF(N27="",K27&","&L27&","&M27,K27&","&L27&","&M27&","&N27))) -> M3 | BK27: =IF(P27="",O27,IF(Q27="",O27&","&P27,IF(R27="",O27&","&P27&","&Q27,IO27&","&P27&","&Q27&","&R27))) -> M3 | BL27: =IF(S27=0,"",S27) | BM27: =A27 -> 51812
A28: 51802 | B28: 030045-B62W-Z | C28: BH T/S-2(NO CUTTING) | D28: NAMI | F28: 43819 | H28: 3x4.5 | I28: EA | J28: 20000 | K28: M3 | O28: M3 | W28: 0.49 | X28: 0.45 | Y28: 0 | Z28: 0 | AA28: 2 | AE28: W | AI28: 60 | AJ28: 1850246 | AK28: 0 | AL28: 0 | AN28: S18A SAIP (F) | AO28: 2.46 | AX28: 20191220 | AY28: 10[H/D],30[R/L],70[&gt;H/T],80[&gt;P/T],85[ST/ PK],99[P/K] | BG28: =IF(LEFT(AY28,2)="98","X","O") -> O | BH28: =IF(IFERROR(SEARCH("45",$AY28,1),0)>0,"Y","") | BI28: =IF(IFERROR(SEARCH("86",$AY28,1),0)>0,"Y","") | BJ28: =IF(L28="",K28,IF(M28="",K28&","&L28,IF(N28="",K28&","&L28&","&M28,K28&","&L28&","&M28&","&N28))) -> M3 | BK28: =IF(P28="",O28,IF(Q28="",O28&","&P28,IF(R28="",O28&","&P28&","&Q28,IO28&","&P28&","&Q28&","&R28))) -> M3 | BL28: =IF(S28=0,"",S28) | BM28: =A28 -> 51802
A29: 51831 | B29: 030045-CB2B | C29: PH/W TTS-B | D29: NAMI | F29: 44551 | H29: 3x4.5 | I29: EA | J29: 10000 | K29: M4 | O29: M3 | W29: 0.66 | X29: 0.69 | Y29: 0 | Z29: 0 | AA29: 2 | AE29: B | AI29: 60 | AJ29: 1850246 | AK29: 0 | AL29: 0 | AN29: S18A SAIP (F) | AO29: 2.46 | AX29: 20211221 | AY29: 10[H/D],30[R/L],70[&gt;H/T],80[&gt;P/T],85[ST/ PK],99[P/K] | BG29: =IF(LEFT(AY29,2)="98","X","O") -> O | BH29: =IF(IFERROR(SEARCH("45",$AY29,1),0)>0,"Y","") | BI29: =IF(IFERROR(SEARCH("86",$AY29,1),0)>0,"Y","") | BJ29: =IF(L29="",K29,IF(M29="",K29&","&L29,IF(N29="",K29&","&L29&","&M29,K29&","&L29&","&M29&","&N29))) -> M4 | BK29: =IF(P29="",O29,IF(Q29="",O29&","&P29,IF(R29="",O29&","&P29&","&Q29,IO29&","&P29&","&Q29&","&R29))) -> M3 | BL29: =IF(S29=0,"",S29) | BM29: =A29 -> 51831
A30: 51818 | B30: 030045-CB2W | C30: PH/W TTS-B | D30: NAMI | F30: 43965 | H30: 3x4.5 | I30: EA | J30: 20000 | K30: M4 | O30: M3 | W30: 0.66 | X30: 0.67 | Y30: 0 | Z30: 0 | AA30: 2 | AE30: W | AI30: 60 | AJ30: 1850246 | AK30: 0 | AL30: 0 | AN30: S18A SAIP (F) | AO30: 2.46 | AX30: 20200514 | AY30: 10[H/D],30[R/L],70[&gt;H/T],80[&gt;P/T],85[ST/ PK],99[P/K] | BG30: =IF(LEFT(AY30,2)="98","X","O") -> O | BH30: =IF(IFERROR(SEARCH("45",$AY30,1),0)>0,"Y","") | BI30: =IF(IFERROR(SEARCH("86",$AY30,1),0)>0,"Y","") | BJ30: =IF(L30="",K30,IF(M30="",K30&","&L30,IF(N30="",K30&","&L30&","&M30,K30&","&L30&","&M30&","&N30))) -> M4 | BK30: =IF(P30="",O30,IF(Q30="",O30&","&P30,IF(R30="",O30&","&P30&","&Q30,IO30&","&P30&","&Q30&","&R30))) -> M3 | BL30: =IF(S30=0,"",S30) | BM30: =A30 -> 51818
A31: 51810 | B31: 030046-B62W | C31: BH T/S-2(NO CUTTING) | D31: NAMI | F31: 43960 | H31: 3x4.6 | I31: EA | J31: 20000 | K31: M3 | O31: M3 | W31: 0.5 | X31: 0.55 | Y31: 0 | Z31: 0 | AA31: 2 | AE31: W | AI31: 60 | AJ31: 1850246 | AK31: 0 | AN31: S18A SAIP (F) | AO31: 2.46 | AX31: 20200509 | AY31: 10[H/D],30[R/L],70[&gt;H/T],80[&gt;P/T],85[ST/ PK],99[P/K] | BG31: =IF(LEFT(AY31,2)="98","X","O") -> O | BH31: =IF(IFERROR(SEARCH("45",$AY31,1),0)>0,"Y","") | BI31: =IF(IFERROR(SEARCH("86",$AY31,1),0)>0,"Y","") | BJ31: =IF(L31="",K31,IF(M31="",K31&","&L31,IF(N31="",K31&","&L31&","&M31,K31&","&L31&","&M31&","&N31))) -> M3 | BK31: =IF(P31="",O31,IF(Q31="",O31&","&P31,IF(R31="",O31&","&P31&","&Q31,IO31&","&P31&","&Q31&","&R31))) -> M3 | BL31: =IF(S31=0,"",S31) | BM31: =A31 -> 51810
A32: 50301 | B32: 030050-P51W-4 | C32: PH M/S S,P/W | D32: BISG | F32: 43879 | H32: 3x5 | I32: EA | J32: 5000 | K32: M3 | O32: S6 | W32: 0.43 | X32: 0.68 | Y32: 0 | Z32: 0 | AA32: 0 | AE32: W | AI32: 18 | AJ32: 1000260 | AK32: 0 | AN32: S10A HD | AO32: 2.6 | AQ32: X? lông d?n - cán ren | AX32: 20200218 | AY32: 10[H/D],45[S/R],80[&gt;P/T],85[ST/ PK],99[P/K] | AZ32: 026080-0500-2F | BA32: 027055-0780-3 | BG32: =IF(LEFT(AY32,2)="98","X","O") -> O | BH32: =IF(IFERROR(SEARCH("45",$AY32,1),0)>0,"Y","") -> Y | BI32: =IF(IFERROR(SEARCH("86",$AY32,1),0)>0,"Y","") | BJ32: =IF(L32="",K32,IF(M32="",K32&","&L32,IF(N32="",K32&","&L32&","&M32,K32&","&L32&","&M32&","&N32))) -> M3 | BK32: =IF(P32="",O32,IF(Q32="",O32&","&P32,IF(R32="",O32&","&P32&","&Q32,IO32&","&P32&","&Q32&","&R32))) -> S6 | BL32: =IF(S32=0,"",S32) | BM32: =A32 -> 50301
A33: 33003 | B33: 030050-P51Z | C33: PH M/S | D33: SCON | F33: 43512 | H33: 3*5 | I33: EA | J33: 0 | K33: M3 | O33: M3 | W33: 0.45 | X33: 0.45 | Y33: 0 | Z33: 0 | AA33: 0 | AE33: Z | AI33: 57 | AJ33: 1000260 | AK33: 0 | AN33: S10A HD | AO33: 2.6 | AX33: 20190216 | AY33: 10[H/D],30[R/L],80[&gt;P/T],85[ST/ PK],99[P/K] | BG33: =IF(LEFT(AY33,2)="98","X","O") -> O | BH33: =IF(IFERROR(SEARCH("45",$AY33,1),0)>0,"Y","") | BI33: =IF(IFERROR(SEARCH("86",$AY33,1),0)>0,"Y","") | BJ33: =IF(L33="",K33,IF(M33="",K33&","&L33,IF(N33="",K33&","&L33&","&M33,K33&","&L33&","&M33&","&N33))) -> M3 | BK33: =IF(P33="",O33,IF(Q33="",O33&","&P33,IF(R33="",O33&","&P33&","&Q33,IO33&","&P33&","&Q33&","&R33))) -> M3 | BL33: =IF(S33=0,"",S33) | BM33: =A33 -> 33003
A34: 20089 | B34: 030050-P52W-3N | C34: PH M/S S/W | D34: SEHC | F34: 45324 | H34: M3x5 | I34: EA | J34: 6000 | K34: M3 | O34: M3 | W34: 0.43 | X34: 0.53 | Y34: 0 | Z34: 0 | AA34: 0 | AE34: W | AI34: 18 | AJ34: 1850260 | AK34: 0 | AL34: 0 | AN34: S18A SAIP (F) | AO34: 2.6 | AX34: 20240202 | AY34: 10[H/D],45[S/R],80[&gt;P/T],85[ST/ PK],99[P/K] | AZ34: 027055-0780-3 | BG34: =IF(LEFT(AY34,2)="98","X","O") -> O | BH34: =IF(IFERROR(SEARCH("45",$AY34,1),0)>0,"Y","") -> Y | BI34: =IF(IFERROR(SEARCH("86",$AY34,1),0)>0,"Y","") | BJ34: =IF(L34="",K34,IF(M34="",K34&","&L34,IF(N34="",K34&","&L34&","&M34,K34&","&L34&","&M34&","&N34))) -> M3 | BK34: =IF(P34="",O34,IF(Q34="",O34&","&P34,IF(R34="",O34&","&P34&","&Q34,IO34&","&P34&","&Q34&","&R34))) -> M3 | BL34: =IF(S34=0,"",S34) | BM34: =A34 -> 20089
A35: 40024 | B35: 030055-ZM2W-DS | C35: VH/W SE M/S STEP | D35: LGS | F35: 44538 | H35: 3x5.5 | I35: EA | J35: 5000 | K35: M3 | O35: M3 | W35: 0.68 | X35: 0.67 | Y35: 0 | Z35: 0 | AA35: 2 | AE35: W | AI35: 60 | AJ35: 1850260 | AK35: 0 | AN35: S18A SAIP (F) | AO35: 2.6 | AX35: 20211208 | AY35: 10[H/D],30[R/L],70[&gt;H/T],80[&gt;P/T],85[ST/ PK],99[P/K] | BG35: =IF(LEFT(AY35,2)="98","X","O") -> O | BH35: =IF(IFERROR(SEARCH("45",$AY35,1),0)>0,"Y","") | BI35: =IF(IFERROR(SEARCH("86",$AY35,1),0)>0,"Y","") | BJ35: =IF(L35="",K35,IF(M35="",K35&","&L35,IF(N35="",K35&","&L35&","&M35,K35&","&L35&","&M35&","&N35))) -> M3 | BK35: =IF(P35="",O35,IF(Q35="",O35&","&P35,IF(R35="",O35&","&P35&","&Q35,IO35&","&P35&","&Q35&","&R35))) -> M3 | BL35: =IF(S35=0,"",S35) | BM35: =A35 -> 40024
A36: 54001 | B36: 030060-B54W-ASZ | C36: BH(LARGE-ISO)SE M/S | D36: VEST | F36: 44792 | H36: M3*6 | I36: EA | J36: 5000 | K36: M3 | O36: M3 | W36: 0.63 | X36: 0.62 | Y36: 0 | Z36: 0 | AA36: 3 | AE36: W | AI36: 60 | AJ36: 4350260 | AK36: 0 | AN36: SCM435 PASAIP | AO36: 2.6 | AX36: 20220819 | AY36: 10[H/D],30[R/L],70[&gt;H/T],80[&gt;P/T],85[ST/ PK],99[P/K] | BG36: =IF(LEFT(AY36,2)="98","X","O") -> O | BH36: =IF(IFERROR(SEARCH("45",$AY36,1),0)>0,"Y","") | BI36: =IF(IFERROR(SEARCH("86",$AY36,1),0)>0,"Y","") | BJ36: =IF(L36="",K36,IF(M36="",K36&","&L36,IF(N36="",K36&","&L36&","&M36,K36&","&L36&","&M36&","&N36))) -> M3 | BK36: =IF(P36="",O36,IF(Q36="",O36&","&P36,IF(R36="",O36&","&P36&","&Q36,IO36&","&P36&","&Q36&","&R36))) -> M3 | BL36: =IF(S36=0,"",S36) | BM36: =A36 -> 54001
A37: 50303 | B37: 030060-B59B-MQ | C37: BH ± M/S | D37: BISG | F37: 43879 | H37: 3x6 | I37: EA | J37: 5000 | K37: M3 | O37: M3 | W37: 0.53 | X37: 0.55 | Y37: 0 | Z37: 0 | AA37: 801 | AB37: HV | AC37: 450-650 | AE37: B | AI37: 60 | AJ37: 1200260 | AK37: 0 | AN37: S12A HD | AO37: 2.6 | AX37: 20200218 | AY37: 10[H/D],30[R/L],70[&gt;H/T],80[&gt;P/T],85[ST/ PK],99[P/K] | BG37: =IF(LEFT(AY37,2)="98","X","O") -> O | BH37: =IF(IFERROR(SEARCH("45",$AY37,1),0)>0,"Y","") | BI37: =IF(IFERROR(SEARCH("86",$AY37,1),0)>0,"Y","") | BJ37: =IF(L37="",K37,IF(M37="",K37&","&L37,IF(N37="",K37&","&L37&","&M37,K37&","&L37&","&M37&","&N37))) -> M3 | BK37: =IF(P37="",O37,IF(Q37="",O37&","&P37,IF(R37="",O37&","&P37&","&Q37,IO37&","&P37&","&Q37&","&R37))) -> M3 | BL37: =IF(S37=0,"",S37) | BM37: =A37 -> 50303
A38: 51803 | B38: 030060-B61W-DQ | C38: BH T/S-2(NO CUTTING) | D38: NAMI | F38: 43819 | H38: 3x6 | I38: EA | J38: 20000 | K38: M3 | O38: M3 | W38: 0.59 | X38: 0.54 | Y38: 0 | Z38: 0 | AA38: 1 | AE38: W | AI38: 60 | AJ38: 1000246 | AK38: 0 | AN38: S10A HD | AO38: 2.46 | AX38: 20191220 | AY38: 10[H/D],30[R/L],70[&gt;H/T],80[&gt;P/T],85[ST/ PK],99[P/K] | BG38: =IF(LEFT(AY38,2)="98","X","O") -> O | BH38: =IF(IFERROR(SEARCH("45",$AY38,1),0)>0,"Y","") | BI38: =IF(IFERROR(SEARCH("86",$AY38,1),0)>0,"Y","") | BJ38: =IF(L38="",K38,IF(M38="",K38&","&L38,IF(N38="",K38&","&L38&","&M38,K38&","&L38&","&M38&","&N38))) -> M3 | BK38: =IF(P38="",O38,IF(Q38="",O38&","&P38,IF(R38="",O38&","&P38&","&Q38,IO38&","&P38&","&Q38&","&R38))) -> M3 | BL38: =IF(S38=0,"",S38) | BM38: =A38 -> 51803
A39: 51811 | B39: 030060-BB2B | C39: BH TTS-B | D39: NAMI | F39: 43965 | H39: 3x6 | I39: EA | J39: 20000 | K39: M3 | O39: M3 | W39: 0.51 | X39: 0.53 | Y39: 0 | Z39: 0 | AA39: 2 | AE39: B | AI39: 60 | AJ39: 1850246 | AK39: 0 | AL39: 0 | AN39: S18A SAIP (F) | AO39: 2.46 | AX39: 20200514 | AY39: 10[H/D],30[R/L],70[&gt;H/T],80[&gt;P/T],85[ST/ PK],99[P/K] | BG39: =IF(LEFT(AY39,2)="98","X","O") -> O | BH39: =IF(IFERROR(SEARCH("45",$AY39,1),0)>0,"Y","") | BI39: =IF(IFERROR(SEARCH("86",$AY39,1),0)>0,"Y","") | BJ39: =IF(L39="",K39,IF(M39="",K39&","&L39,IF(N39="",K39&","&L39&","&M39,K39&","&L39&","&M39&","&N39))) -> M3 | BK39: =IF(P39="",O39,IF(Q39="",O39&","&P39,IF(R39="",O39&","&P39&","&Q39,IO39&","&P39&","&Q39&","&R39))) -> M3 | BL39: =IF(S39=0,"",S39) | BM39: =A39 -> 51811
A40: 52107 | B40: 030060-BB2N | C40: BH TTS-B | D40: HANM | F40: 43775 | H40: 3x6 | I40: EA | J40: 5000 | K40: M3 | O40: M3 | W40: 0.51 | X40: 0.53 | Y40: 0 | Z40: 0 | AA40: 2 | AE40: N | AI40: 60 | AJ40: 1850246 | AK40: 0 | AL40: 0 | AN40: S18A SAIP (F) | AO40: 2.46 | AX40: 20191106 | AY40: 10[H/D],30[R/L],70[&gt;H/T],80[&gt;P/T],85[ST/ PK],99[P/K] | BG40: =IF(LEFT(AY40,2)="98","X","O") -> O | BH40: =IF(IFERROR(SEARCH("45",$AY40,1),0)>0,"Y","") | BI40: =IF(IFERROR(SEARCH("86",$AY40,1),0)>0,"Y","") | BJ40: =IF(L40="",K40,IF(M40="",K40&","&L40,IF(N40="",K40&","&L40&","&M40,K40&","&L40&","&M40&","&N40))) -> M3 | BK40: =IF(P40="",O40,IF(Q40="",O40&","&P40,IF(R40="",O40&","&P40&","&Q40,IO40&","&P40&","&Q40&","&R40))) -> M3 | BL40: =IF(S40=0,"",S40) | BM40: =A40 -> 52107
A41: 51809 | B41: 030060-BB2W-Z | C41: BH TTS-B | D41: NAMI | F41: 43938 | H41: 3x6 | I41: EA | J41: 20000 | K41: M3 | O41: M3 | W41: 0.51 | X41: 0.52 | Y41: 0 | Z41: 0 | AA41: 2 | AE41: W | AI41: 60 | AJ41: 1850246 | AK41: 0 | AN41: S18A SAIP (F) | AO41: 2.46 | AX41: 20200417 | AY41: 10[H/D],30[R/L],70[&gt;H/T],80[&gt;P/T],85[ST/ PK],99[P/K] | BG41: =IF(LEFT(AY41,2)="98","X","O") -> O | BH41: =IF(IFERROR(SEARCH("45",$AY41,1),0)>0,"Y","") | BI41: =IF(IFERROR(SEARCH("86",$AY41,1),0)>0,"Y","") | BJ41: =IF(L41="",K41,IF(M41="",K41&","&L41,IF(N41="",K41&","&L41&","&M41,K41&","&L41&","&M41&","&N41))) -> M3 | BK41: =IF(P41="",O41,IF(Q41="",O41&","&P41,IF(R41="",O41&","&P41&","&Q41,IO41&","&P41&","&Q41&","&R41))) -> M3 | BL41: =IF(S41=0,"",S41) | BM41: =A41 -> 51809
A42: 54000 | B42: 030060-BM4B-A | C42: BH(LARGE-ISO)M/S | D42: VEST | F42: 44792 | H42: M3*6 | I42: EA | J42: 5000 | K42: M3 | O42: M3 | W42: 0.64 | X42: 0.65 | Y42: 0 | Z42: 0 | AA42: 3 | AE42: B | AI42: 60 | AJ42: 4350260 | AK42: 0 | AN42: SCM435 PASAIP | AO42: 2.6 | AX42: 20220819 | AY42: 10[H/D],30[R/L],70[&gt;H/T],80[&gt;P/T],85[ST/ PK],99[P/K] | BG42: =IF(LEFT(AY42,2)="98","X","O") -> O | BH42: =IF(IFERROR(SEARCH("45",$AY42,1),0)>0,"Y","") | BI42: =IF(IFERROR(SEARCH("86",$AY42,1),0)>0,"Y","") | BJ42: =IF(L42="",K42,IF(M42="",K42&","&L42,IF(N42="",K42&","&L42&","&M42,K42&","&L42&","&M42&","&N42))) -> M3 | BK42: =IF(P42="",O42,IF(Q42="",O42&","&P42,IF(R42="",O42&","&P42&","&Q42,IO42&","&P42&","&Q42&","&R42))) -> M3 | BL42: =IF(S42=0,"",S42) | BM42: =A42 -> 54000
A43: 52110 | B43: 030060-C51N | C43: PH/W M/S | D43: HANM | F43: 43775 | H43: 3x6 | I43: EA | J43: 5000 | K43: M3 | O43: M3 | W43: 0.61 | X43: 0.61 | Y43: 0 | Z43: 0 | AA43: 0 | AE43: N | AI43: 57 | AJ43: 1000260 | AK43: 0 | AL43: 0 | AN43: S10A HD | AO43: 2.6 | AX43: 20191106 | AY43: 10[H/D],30[R/L],80[&gt;P/T],85[ST/ PK],99[P/K] | BG43: =IF(LEFT(AY43,2)="98","X","O") -> O | BH43: =IF(IFERROR(SEARCH("45",$AY43,1),0)>0,"Y","") | BI43: =IF(IFERROR(SEARCH("86",$AY43,1),0)>0,"Y","") | BJ43: =IF(L43="",K43,IF(M43="",K43&","&L43,IF(N43="",K43&","&L43&","&M43,K43&","&L43&","&M43&","&N43))) -> M3 | BK43: =IF(P43="",O43,IF(Q43="",O43&","&P43,IF(R43="",O43&","&P43&","&Q43,IO43&","&P43&","&Q43&","&R43))) -> M3 | BL43: =IF(S43=0,"",S43) | BM43: =A43 -> 52110
A44: 55702 | B44: 030060-C51W-S | C44: PH/W M/S SE | D44: WOOR | F44: 45657 | H44: M3*6 | I44: EA | J44: 5000 | K44: M3 | O44: M3 | W44: 0.62 | X44: 0.62 | Y44: 0 | Z44: 0 | AA44: 0 | AE44: W | AI44: 57 | AJ44: 1000260 | AK44: 0 | AL44: 0 | AN44: S10A HD | AO44: 2.6 | AX44: 20241231 | AY44: 10[H/D],30[R/L],80[&gt;P/T],85[ST/ PK],99[P/K] | BG44: =IF(LEFT(AY44,2)="98","X","O") -> O | BH44: =IF(IFERROR(SEARCH("45",$AY44,1),0)>0,"Y","") | BI44: =IF(IFERROR(SEARCH("86",$AY44,1),0)>0,"Y","") | BJ44: =IF(L44="",K44,IF(M44="",K44&","&L44,IF(N44="",K44&","&L44&","&M44,K44&","&L44&","&M44&","&N44))) -> M3 | BK44: =IF(P44="",O44,IF(Q44="",O44&","&P44,IF(R44="",O44&","&P44&","&Q44,IO44&","&P44&","&Q44&","&R44))) -> M3 | BL44: =IF(S44=0,"",S44) | BM44: =A44 -> 55702
A45: 50302 | B45: 030060-C52B-N | C45: PH/W M/S | D45: BISG | F45: 43879 | H45: 3x6 | I45: EA | J45: 5000 | K45: M3 | O45: M3 | W45: 0.51 | X45: 0.69 | Y45: 0 | Z45: 0 | AA45: 0 | AE45: B | AI45: 57 | AJ45: 1850260 | AK45: 0 | AL45: 0 | AN45: S18A SAIP (F) | AO45: 2.6 | AX45: 20200218 | AY45: 10[H/D],30[R/L],80[&gt;P/T],85[ST/ PK],99[P/K] | BG45: =IF(LEFT(AY45,2)="98","X","O") -> O | BH45: =IF(IFERROR(SEARCH("45",$AY45,1),0)>0,"Y","") | BI45: =IF(IFERROR(SEARCH("86",$AY45,1),0)>0,"Y","") | BJ45: =IF(L45="",K45,IF(M45="",K45&","&L45,IF(N45="",K45&","&L45&","&M45,K45&","&L45&","&M45&","&N45))) -> M3 | BK45: =IF(P45="",O45,IF(Q45="",O45&","&P45,IF(R45="",O45&","&P45&","&Q45,IO45&","&P45&","&Q45&","&R45))) -> M3 | BL45: =IF(S45=0,"",S45) | BM45: =A45 -> 50302
A46: 40225 | B46: 030060-C62W | C46: PH/W T/S-2 (NO CT) | D46: SHARP | F46: 45359 | H46: 3x6 | I46: EA | J46: 5000 | K46: M3 | O46: M3 | W46: 0.62 | X46: 0.66 | Y46: 0 | Z46: 0 | AA46: 2 | AE46: W | AI46: 60 | AJ46: 1850246 | AK46: 0 | AL46: 0 | AN46: S18A SAIP (F) | AO46: 2.46 | AX46: 20240308 | AY46: 10[H/D],30[R/L],70[&gt;H/T],80[&gt;P/T],85[ST/ PK],99[P/K] | BG46: =IF(LEFT(AY46,2)="98","X","O") -> O | BH46: =IF(IFERROR(SEARCH("45",$AY46,1),0)>0,"Y","") | BI46: =IF(IFERROR(SEARCH("86",$AY46,1),0)>0,"Y","") | BJ46: =IF(L46="",K46,IF(M46="",K46&","&L46,IF(N46="",K46&","&L46&","&M46,K46&","&L46&","&M46&","&N46))) -> M3 | BK46: =IF(P46="",O46,IF(Q46="",O46&","&P46,IF(R46="",O46&","&P46&","&Q46,IO46&","&P46&","&Q46&","&R46))) -> M3 | BL46: =IF(S46=0,"",S46) | BM46: =A46 -> 40225
A47: 20603 | B47: 030060-C66H | C47: PH/W T/S-2 (NO CT) | D47: DYEV | F47: 44117 | H47: 3*6 | I47: EA | J47: 5000 | K47: M3 | O47: M3 | W47: 0.61 | X47: 0.66 | Y47: 0 | Z47: 0 | AA47: 0 | AE47: H | AI47: 57 | AJ47: 3020246 | AK47: 0 | AN47: STS304CU WSA | AO47: 2.46 | AX47: 20201013 | AY47: 10[H/D],30[R/L],80[&gt;P/T],85[ST/ PK],99[P/K] | BG47: =IF(LEFT(AY47,2)="98","X","O") -> O | BH47: =IF(IFERROR(SEARCH("45",$AY47,1),0)>0,"Y","") | BI47: =IF(IFERROR(SEARCH("86",$AY47,1),0)>0,"Y","") | BJ47: =IF(L47="",K47,IF(M47="",K47&","&L47,IF(N47="",K47&","&L47&","&M47,K47&","&L47&","&M47&","&N47))) -> M3 | BK47: =IF(P47="",O47,IF(Q47="",O47&","&P47,IF(R47="",O47&","&P47&","&Q47,IO47&","&P47&","&Q47&","&R47))) -> M3 | BL47: =IF(S47=0,"",S47) | BM47: =A47 -> 20603
A48: 40209 | B48: 030060-CB2W | C48: PH/W TTS-B | D48: SHARP | F48: 45359 | H48: 3x6 | I48: EA | J48: 5000 | K48: M3 | O48: M3 | W48: 0.64 | X48: 0.64 | Y48: 0 | Z48: 0 | AA48: 2 | AE48: W | AI48: 60 | AJ48: 1850246 | AK48: 0 | AL48: 0 | AN48: S18A SAIP (F) | AO48: 2.46 | AX48: 20240308 | AY48: 10[H/D],30[R/L],70[&gt;H/T],80[&gt;P/T],85[ST/ PK],99[P/K] | BG48: =IF(LEFT(AY48,2)="98","X","O") -> O | BH48: =IF(IFERROR(SEARCH("45",$AY48,1),0)>0,"Y","") | BI48: =IF(IFERROR(SEARCH("86",$AY48,1),0)>0,"Y","") | BJ48: =IF(L48="",K48,IF(M48="",K48&","&L48,IF(N48="",K48&","&L48&","&M48,K48&","&L48&","&M48&","&N48))) -> M3 | BK48: =IF(P48="",O48,IF(Q48="",O48&","&P48,IF(R48="",O48&","&P48&","&Q48,IO48&","&P48&","&Q48&","&R48))) -> M3 | BL48: =IF(S48=0,"",S48) | BM48: =A48 -> 40209
A49: 52111 | B49: 030060-CP2N | C49: PH /W TTS-P | D49: HANM | F49: 43775 | H49: 3x7 | I49: EA | J49: 5000 | K49: M3 | O49: M3 | W49: 0.59 | X49: 0.61 | Y49: 0 | Z49: 0 | AA49: 2 | AE49: N | AI49: 60 | AJ49: 1850246 | AK49: 0 | AL49: 0 | AN49: S18A SAIP (F) | AO49: 2.46 | AX49: 20191106 | AY49: 10[H/D],30[R/L],70[&gt;H/T],80[&gt;P/T],85[ST/ PK],99[P/K] | BG49: =IF(LEFT(AY49,2)="98","X","O") -> O | BH49: =IF(IFERROR(SEARCH("45",$AY49,1),0)>0,"Y","") | BI49: =IF(IFERROR(SEARCH("86",$AY49,1),0)>0,"Y","") | BJ49: =IF(L49="",K49,IF(M49="",K49&","&L49,IF(N49="",K49&","&L49&","&M49,K49&","&L49&","&M49&","&N49))) -> M3 | BK49: =IF(P49="",O49,IF(Q49="",O49&","&P49,IF(R49="",O49&","&P49&","&Q49,IO49&","&P49&","&Q49&","&R49))) -> M3 | BL49: =IF(S49=0,"",S49) | BM49: =A49 -> 52111
A50: 52109 | B50: 030060-J51N | C50: FH M/S | D50: HANM | F50: 43774 | H50: 3x6 | I50: EA | J50: 5000 | K50: M4 | O50: M3 | W50: 0.39 | X50: 0.37 | Y50: 0 | Z50: 0 | AA50: 0 | AE50: N | AI50: 57 | AJ50: 1000260 | AK50: 0 | AN50: S10A HD | AO50: 2.6 | AX50: 20191105 | AY50: 10[H/D],30[R/L],80[&gt;P/T],85[ST/ PK],99[P/K] | BG50: =IF(LEFT(AY50,2)="98","X","O") -> O | BH50: =IF(IFERROR(SEARCH("45",$AY50,1),0)>0,"Y","") | BI50: =IF(IFERROR(SEARCH("86",$AY50,1),0)>0,"Y","") | BJ50: =IF(L50="",K50,IF(M50="",K50&","&L50,IF(N50="",K50&","&L50&","&M50,K50&","&L50&","&M50&","&N50))) -> M4 | BK50: =IF(P50="",O50,IF(Q50="",O50&","&P50,IF(R50="",O50&","&P50&","&Q50,IO50&","&P50&","&Q50&","&R50))) -> M3 | BL50: =IF(S50=0,"",S50) | BM50: =A50 -> 52109
A51: 50310 | B51: 030060-J51W | C51: FH M/S | D51: BISG | F51: 44523 | H51: 3x6 | I51: EA | J51: 8000 | K51: M3 | O51: M3 | W51: 0.39 | X51: 0.41 | Y51: 0 | Z51: 0 | AA51: 0 | AE51: W | AI51: 57 | AJ51: 1000260 | AK51: 0 | AN51: S10A HD | AO51: 2.6 | AX51: 20211123 | AY51: 10[H/D],30[R/L],80[&gt;P/T],85[ST/ PK],99[P/K] | BG51: =IF(LEFT(AY51,2)="98","X","O") -> O | BH51: =IF(IFERROR(SEARCH("45",$AY51,1),0)>0,"Y","") | BI51: =IF(IFERROR(SEARCH("86",$AY51,1),0)>0,"Y","") | BJ51: =IF(L51="",K51,IF(M51="",K51&","&L51,IF(N51="",K51&","&L51&","&M51,K51&","&L51&","&M51&","&N51))) -> M3 | BK51: =IF(P51="",O51,IF(Q51="",O51&","&P51,IF(R51="",O51&","&P51&","&Q51,IO51&","&P51&","&Q51&","&R51))) -> M3 | BL51: =IF(S51=0,"",S51) | BM51: =A51 -> 50310
A52: 51505 | B52: 030060-J56H | C52: FH M/S (SUS304) | D52: HPW | F52: 43603 | H52: 3x6 | I52: EA | J52: 5000 | K52: M3 | O52: M3 | W52: 0.4 | X52: 0.6 | Y52: 0 | Z52: 0 | AA52: 0 | AE52: H | AI52: 57 | AJ52: 3020260 | AK52: 0 | AN52: STS304CU WSA | AO52: 2.6 | AX52: 20190518 | AY52: 10[H/D],30[R/L],80[&gt;P/T],85[ST/ PK],99[P/K] | BG52: =IF(LEFT(AY52,2)="98","X","O") -> O | BH52: =IF(IFERROR(SEARCH("45",$AY52,1),0)>0,"Y","") | BI52: =IF(IFERROR(SEARCH("86",$AY52,1),0)>0,"Y","") | BJ52: =IF(L52="",K52,IF(M52="",K52&","&L52,IF(N52="",K52&","&L52&","&M52,K52&","&L52&","&M52&","&N52))) -> M3 | BK52: =IF(P52="",O52,IF(Q52="",O52&","&P52,IF(R52="",O52&","&P52&","&Q52,IO52&","&P52&","&Q52&","&R52))) -> M3 | BL52: =IF(S52=0,"",S52) | BM52: =A52 -> 51505
A53: 52106 | B53: 030060-P51N | C53: PH M/S | D53: HANM | F53: 43774 | H53: 3x6 | I53: EA | J53: 5000 | K53: M3 | O53: M3 | W53: 0.48 | X53: 0.52 | Y53: 0 | Z53: 0 | AA53: 0 | AE53: N | AI53: 57 | AJ53: 1000260 | AK53: 0 | AL53: 0 | AN53: S10A HD | AO53: 2.6 | AX53: 20191105 | AY53: 10[H/D],30[R/L],80[&gt;P/T],85[ST/ PK],99[P/K] | BG53: =IF(LEFT(AY53,2)="98","X","O") -> O | BH53: =IF(IFERROR(SEARCH("45",$AY53,1),0)>0,"Y","") | BI53: =IF(IFERROR(SEARCH("86",$AY53,1),0)>0,"Y","") | BJ53: =IF(L53="",K53,IF(M53="",K53&","&L53,IF(N53="",K53&","&L53&","&M53,K53&","&L53&","&M53&","&N53))) -> M3 | BK53: =IF(P53="",O53,IF(Q53="",O53&","&P53,IF(R53="",O53&","&P53&","&Q53,IO53&","&P53&","&Q53&","&R53))) -> M3 | BL53: =IF(S53=0,"",S53) | BM53: =A53 -> 52106
A54: 52112 | B54: 030060-P51N-4 | C54: PH M/S S,P/W | D54: HANM | F54: 43774 | H54: 3x6 | I54: EA | J54: 5000 | K54: M3 | O54: S6 | W54: 0.48 | X54: 0.65 | Y54: 0 | Z54: 0 | AA54: 0 | AE54: N | AI54: 18 | AJ54: 1000260 | AK54: 0 | AN54: S10A HD | AO54: 2.6 | AQ54: X? lông d?n - cán ren | AX54: 20191105 | AY54: 10[H/D],45[S/R],80[&gt;P/T],85[ST/ PK],99[P/K] | AZ54: 027060-0600-2F | BA54: 027055-0780-3 | BG54: =IF(LEFT(AY54,2)="98","X","O") -> O | BH54: =IF(IFERROR(SEARCH("45",$AY54,1),0)>0,"Y","") -> Y | BI54: =IF(IFERROR(SEARCH("86",$AY54,1),0)>0,"Y","") | BJ54: =IF(L54="",K54,IF(M54="",K54&","&L54,IF(N54="",K54&","&L54&","&M54,K54&","&L54&","&M54&","&N54))) -> M3 | BK54: =IF(P54="",O54,IF(Q54="",O54&","&P54,IF(R54="",O54&","&P54&","&Q54,IO54&","&P54&","&Q54&","&R54))) -> S6 | BL54: =IF(S54=0,"",S54) | BM54: =A54 -> 52112
A55: 37000 | B55: 030060-P51W-3 | C55: PH M/S S/W | D55: PAVCV | F55: 43491 | H55: 3*6 | I55: EA | J55: 0 | K55: M3 | O55: S6 | W55: 0.47 | X55: 0.51 | Y55: 0 | Z55: 0 | AA55: 0 | AE55: W | AI55: 18 | AJ55: 1000260 | AK55: 0 | AN55: S10A HD | AO55: 2.6 | AX55: 20190126 | AY55: 10[H/D],45[S/R],80[&gt;P/T],85[ST/ PK],99[P/K] | AZ55: 027055-0780-3 | BG55: =IF(LEFT(AY55,2)="98","X","O") -> O | BH55: =IF(IFERROR(SEARCH("45",$AY55,1),0)>0,"Y","") -> Y | BI55: =IF(IFERROR(SEARCH("86",$AY55,1),0)>0,"Y","") | BJ55: =IF(L55="",K55,IF(M55="",K55&","&L55,IF(N55="",K55&","&L55&","&M55,K55&","&L55&","&M55&","&N55))) -> M3 | BK55: =IF(P55="",O55,IF(Q55="",O55&","&P55,IF(R55="",O55&","&P55&","&Q55,IO55&","&P55&","&Q55&","&R55))) -> S6 | BL55: =IF(S55=0,"",S55) | BM55: =A55 -> 37000
A56: 20064 | B56: 030060-P52W | C56: PH M/S | D56: SEHC-V | F56: 43334 | H56: 3*6 | I56: EA | J56: 0 | K56: M3 | O56: M3 | W56: 0.53 | X56: 0.53 | Y56: 0 | Z56: 0 | AA56: 2 | AE56: W | AI56: 60 | AJ56: 1850260 | AK56: 0 | AN56: S18A SAIP (F) | AO56: 2.6 | AX56: 20180822 | AY56: 10[H/D],30[R/L],70[&gt;H/T],80[&gt;P/T],85[ST/ PK],99[P/K] | BG56: =IF(LEFT(AY56,2)="98","X","O") -> O | BH56: =IF(IFERROR(SEARCH("45",$AY56,1),0)>0,"Y","") | BI56: =IF(IFERROR(SEARCH("86",$AY56,1),0)>0,"Y","") | BJ56: =IF(L56="",K56,IF(M56="",K56&","&L56,IF(N56="",K56&","&L56&","&M56,K56&","&L56&","&M56&","&N56))) -> M3 | BK56: =IF(P56="",O56,IF(Q56="",O56&","&P56,IF(R56="",O56&","&P56&","&Q56,IO56&","&P56&","&Q56&","&R56))) -> M3 | BL56: =IF(S56=0,"",S56) | BM56: =A56 -> 20064
A57: 33002 | B57: 030060-P56H | C57: PH M/S (SUS304) | D57: SCON | F57: 43343 | H57: 3*6 | I57: EA | J57: 5000 | K57: Z | W57: 0 | X57: 0.53 | Y57: 0 | Z57: 0 | AA57: 0 | AE57: H | AI57: 80 | AJ57: 3020246 | AK57: 0 | AL57: 0 | AN57: STS304CU WSA | AO57: 2.46 | AX57: 20180831 | AY57: 98[PUR],85[ST/ PK],99[P/K] | BG57: =IF(LEFT(AY57,2)="98","X","O") -> X | BH57: =IF(IFERROR(SEARCH("45",$AY57,1),0)>0,"Y","") | BI57: =IF(IFERROR(SEARCH("86",$AY57,1),0)>0,"Y","") | BJ57: =IF(L57="",K57,IF(M57="",K57&","&L57,IF(N57="",K57&","&L57&","&M57,K57&","&L57&","&M57&","&N57))) -> Z | BK57: =IF(P57="",O57,IF(Q57="",O57&","&P57,IF(R57="",O57&","&P57&","&Q57,IO57&","&P57&","&Q57&","&R57))) -> 0 | BL57: =IF(S57=0,"",S57) | BM57: =A57 -> 33002
A58: 20097 | B58: 030060-P62W | C58: PH T/S-2 NO CUTTING | D58: SEHC | F58: 45862 | H58: 3x6 | I58: EA | J58: 5000 | K58: M3 | O58: M3 | W58: 0.46 | X58: 0.46 | Y58: 0 | Z58: 0 | AA58: 2 | AE58: W | AI58: 60 | AJ58: 1850246 | AK58: 0 | AL58: 0 | AN58: S18A SAIP (F) | AO58: 2.46 | AX58: 20250724 | AY58: 10[H/D],30[R/L],70[&gt;H/T],80[&gt;P/T],85[ST/ PK],99[P/K] | BG58: =IF(LEFT(AY58,2)="98","X","O") -> O | BH58: =IF(IFERROR(SEARCH("45",$AY58,1),0)>0,"Y","") | BI58: =IF(IFERROR(SEARCH("86",$AY58,1),0)>0,"Y","") | BJ58: =IF(L58="",K58,IF(M58="",K58&","&L58,IF(N58="",K58&","&L58&","&M58,K58&","&L58&","&M58&","&N58))) -> M3 | BK58: =IF(P58="",O58,IF(Q58="",O58&","&P58,IF(R58="",O58&","&P58&","&Q58,IO58&","&P58&","&Q58&","&R58))) -> M3 | BL58: =IF(S58=0,"",S58) | BM58: =A58 -> 20097
A59: 51833 | B59: 030060-PB2B-A | C59: PH (LARGE) TTS-B | D59: NAMI | F59: 44790 | H59: 3*6 | I59: EA | J59: 0 | K59: M3 | O59: M3 | W59: 0.5 | X59: 0.48 | Y59: 0 | Z59: 0 | AA59: 2 | AE59: B | AI59: 60 | AJ59: 1850246 | AK59: 0 | AN59: S18A SAIP (F) | AO59: 2.46 | AX59: 20220817 | AY59: 10[H/D],30[R/L],70[&gt;H/T],80[&gt;P/T],85[ST/ PK],99[P/K] | BG59: =IF(LEFT(AY59,2)="98","X","O") -> O | BH59: =IF(IFERROR(SEARCH("45",$AY59,1),0)>0,"Y","") | BI59: =IF(IFERROR(SEARCH("86",$AY59,1),0)>0,"Y","") | BJ59: =IF(L59="",K59,IF(M59="",K59&","&L59,IF(N59="",K59&","&L59&","&M59,K59&","&L59&","&M59&","&N59))) -> M3 | BK59: =IF(P59="",O59,IF(Q59="",O59&","&P59,IF(R59="",O59&","&P59&","&Q59,IO59&","&P59&","&Q59&","&R59))) -> M3 | BL59: =IF(S59=0,"",S59) | BM59: =A59 -> 51833
A60: 52108 | B60: 030060-PB2N | C60: PH TTS-B | D60: HANM | F60: 43775 | H60: 3x6 | I60: EA | J60: 5000 | K60: M3 | O60: M3 | W60: 0.44 | X60: 0.44 | Y60: 0 | Z60: 0 | AA60: 2 | AE60: N | AI60: 60 | AJ60: 1850246 | AK60: 0 | AN60: S18A SAIP (F) | AO60: 2.46 | AX60: 20191106 | AY60: 10[H/D],30[R/L],70[&gt;H/T],80[&gt;P/T],85[ST/ PK],99[P/K] | BG60: =IF(LEFT(AY60,2)="98","X","O") -> O | BH60: =IF(IFERROR(SEARCH("45",$AY60,1),0)>0,"Y","") | BI60: =IF(IFERROR(SEARCH("86",$AY60,1),0)>0,"Y","") | BJ60: =IF(L60="",K60,IF(M60="",K60&","&L60,IF(N60="",K60&","&L60&","&M60,K60&","&L60&","&M60&","&N60))) -> M3 | BK60: =IF(P60="",O60,IF(Q60="",O60&","&P60,IF(R60="",O60&","&P60&","&Q60,IO60&","&P60&","&Q60&","&R60))) -> M3 | BL60: =IF(S60=0,"",S60) | BM60: =A60 -> 52108
A61: 53100 | B61: 030060-PB2W | C61: PH TTS-B | D61: INUS | F61: 44414 | H61: 3x6 | I61: EA | J61: 5000 | K61: M3 | O61: M3 | W61: 0.52 | X61: 0.46 | Y61: 0 | Z61: 0 | AA61: 2 | AE61: W | AI61: 60 | AJ61: 1850246 | AK61: 0 | AN61: S18A SAIP (F) | AO61: 2.46 | AX61: 20210806 | AY61: 10[H/D],30[R/L],70[&gt;H/T],80[&gt;P/T],85[ST/ PK],99[P/K] | BG61: =IF(LEFT(AY61,2)="98","X","O") -> O | BH61: =IF(IFERROR(SEARCH("45",$AY61,1),0)>0,"Y","") | BI61: =IF(IFERROR(SEARCH("86",$AY61,1),0)>0,"Y","") | BJ61: =IF(L61="",K61,IF(M61="",K61&","&L61,IF(N61="",K61&","&L61&","&M61,K61&","&L61&","&M61&","&N61))) -> M3 | BK61: =IF(P61="",O61,IF(Q61="",O61&","&P61,IF(R61="",O61&","&P61&","&Q61,IO61&","&P61&","&Q61&","&R61))) -> M3 | BL61: =IF(S61=0,"",S61) | BM61: =A61 -> 53100
A62: 51800 | B62: 030060-PB2W-AZ | C62: PH (LARGE) TTS-B | D62: NAMI | F62: 43819 | H62: 3x6 | I62: EA | J62: 20000 | K62: M3 | O62: M3 | W62: 0.5 | X62: 0.52 | Y62: 0 | Z62: 0 | AA62: 2 | AE62: W | AI62: 60 | AJ62: 1850246 | AK62: 0 | AL62: 0 | AN62: S18A SAIP (F) | AO62: 2.46 | AX62: 20191220 | AY62: 10[H/D],30[R/L],70[&gt;H/T],80[&gt;P/T],85[ST/ PK],99[P/K] | BG62: =IF(LEFT(AY62,2)="98","X","O") -> O | BH62: =IF(IFERROR(SEARCH("45",$AY62,1),0)>0,"Y","") | BI62: =IF(IFERROR(SEARCH("86",$AY62,1),0)>0,"Y","") | BJ62: =IF(L62="",K62,IF(M62="",K62&","&L62,IF(N62="",K62&","&L62&","&M62,K62&","&L62&","&M62&","&N62))) -> M3 | BK62: =IF(P62="",O62,IF(Q62="",O62&","&P62,IF(R62="",O62&","&P62&","&Q62,IO62&","&P62&","&Q62&","&R62))) -> M3 | BL62: =IF(S62=0,"",S62) | BM62: =A62 -> 51800
A63: 40048 | B63: 030060-V22W | C63: VH T/S-2S | D63: LGS | F63: 45657 | I63: EA | J63: 5000 | K63: M3 | L63: M4 | O63: M3 | P63: M4 | W63: 0.52 | X63: 0.55 | Y63: 0 | Z63: 0 | AA63: 2 | AE63: W | AI63: 69 | AJ63: 1850246 | AK63: 0 | AN63: S18A SAIP (F) | AO63: 2.46 | AR63: CUTTING | AX63: 20241231 | AY63: 10[H/D],30[R/L],60[C/T],70[&gt;H/T],80[&gt;P/T],85[ST/ PK],99[P/K] | BG63: =IF(LEFT(AY63,2)="98","X","O") -> O | BH63: =IF(IFERROR(SEARCH("45",$AY63,1),0)>0,"Y","") | BI63: =IF(IFERROR(SEARCH("86",$AY63,1),0)>0,"Y","") | BJ63: =IF(L63="",K63,IF(M63="",K63&","&L63,IF(N63="",K63&","&L63&","&M63,K63&","&L63&","&M63&","&N63))) -> M3,M4 | BK63: =IF(P63="",O63,IF(Q63="",O63&","&P63,IF(R63="",O63&","&P63&","&Q63,IO63&","&P63&","&Q63&","&R63))) -> M3,M4 | BL63: =IF(S63=0,"",S63) | BM63: =A63 -> 40048
A64: 53251 | B64: 030060-Y52B | C64: FLATNESS M/S | D64: BOEV | F64: 44882 | H64: 3*6 | J64: 0 | K64: M3 | O64: M3 | W64: 0.4 | X64: 0.4 | Y64: 0 | Z64: 0 | AA64: 2 | AE64: B | AI64: 60 | AJ64: 1850260 | AK64: 0 | AN64: S18A SAIP (F) | AO64: 2.6 | AX64: 20221117 | AY64: 10[H/D],30[R/L],70[&gt;H/T],80[&gt;P/T],85[ST/ PK],99[P/K] | BG64: =IF(LEFT(AY64,2)="98","X","O") -> O | BH64: =IF(IFERROR(SEARCH("45",$AY64,1),0)>0,"Y","") | BI64: =IF(IFERROR(SEARCH("86",$AY64,1),0)>0,"Y","") | BJ64: =IF(L64="",K64,IF(M64="",K64&","&L64,IF(N64="",K64&","&L64&","&M64,K64&","&L64&","&M64&","&N64))) -> M3 | BK64: =IF(P64="",O64,IF(Q64="",O64&","&P64,IF(R64="",O64&","&P64&","&Q64,IO64&","&P64&","&Q64&","&R64))) -> M3 | BL64: =IF(S64=0,"",S64) | BM64: =A64 -> 53251
A65: 51817 | B65: 030060-YB2N-P | C65: FLAT TTS-B | D65: NAMI | F65: 43965 | H65: 3x6 | I65: EA | J65: 0 | K65: M3 | O65: M3 | W65: 0.45 | X65: 0.37 | Y65: 0 | Z65: 0 | AA65: 2 | AE65: N | AI65: 60 | AJ65: 1850246 | AK65: 0 | AN65: S18A SAIP (F) | AO65: 2.46 | AX65: 20200514 | AY65: 10[H/D],30[R/L],70[&gt;H/T],80[&gt;P/T],85[ST/ PK],99[P/K] | BG65: =IF(LEFT(AY65,2)="98","X","O") -> O | BH65: =IF(IFERROR(SEARCH("45",$AY65,1),0)>0,"Y","") | BI65: =IF(IFERROR(SEARCH("86",$AY65,1),0)>0,"Y","") | BJ65: =IF(L65="",K65,IF(M65="",K65&","&L65,IF(N65="",K65&","&L65&","&M65,K65&","&L65&","&M65&","&N65))) -> M3 | BK65: =IF(P65="",O65,IF(Q65="",O65&","&P65,IF(R65="",O65&","&P65&","&Q65,IO65&","&P65&","&Q65&","&R65))) -> M3 | BL65: =IF(S65=0,"",S65) | BM65: =A65 -> 51817
A66: 53900 | B66: 030060-Z02W-Z | C66: ???? RIVET | D66: SEOW | F66: 46044 | H66: 3x6 | I66: EA | J66: 0 | K66: 6S | W66: 0.35 | X66: 0.35 | Y66: 0 | Z66: 0 | AA66: 205 | AE66: W | AI66: 85 | AJ66: 1850295 | AK66: 0 | AN66: S18A SAIP (F) | AO66: 2.95 | AX66: 20260122 | AY66: 10[H/D],80[&gt;P/T],85[ST/ PK],99[P/K] | BG66: =IF(LEFT(AY66,2)="98","X","O") -> O | BH66: =IF(IFERROR(SEARCH("45",$AY66,1),0)>0,"Y","") | BI66: =IF(IFERROR(SEARCH("86",$AY66,1),0)>0,"Y","") | BJ66: =IF(L66="",K66,IF(M66="",K66&","&L66,IF(N66="",K66&","&L66&","&M66,K66&","&L66&","&M66&","&N66))) -> 6S | BK66: =IF(P66="",O66,IF(Q66="",O66&","&P66,IF(R66="",O66&","&P66&","&Q66,IO66&","&P66&","&Q66&","&R66))) -> 0 | BL66: =IF(S66=0,"",S66) | BM66: =A66 -> 53900
A67: 35000 | B67: 030063-Z57H | C67: ZH M/S | D67: YJKV | F67: 43416 | H67: 3*6.3 | I67: EA | J67: 0 | K67: Z | W67: 0.76 | X67: 0.75 | Y67: 0 | Z67: 16.5 | AA67: 0 | AE67: H | AI67: 57 | AJ67: 2700260 | AK67: 0 | AN67: C2700 W BRASS 1/4H | AO67: 2.6 | AX67: 20181112 | AY67: 10[H/D],30[R/L],80[&gt;P/T],85[ST/ PK],99[P/K] | BG67: =IF(LEFT(AY67,2)="98","X","O") -> O | BH67: =IF(IFERROR(SEARCH("45",$AY67,1),0)>0,"Y","") | BI67: =IF(IFERROR(SEARCH("86",$AY67,1),0)>0,"Y","") | BJ67: =IF(L67="",K67,IF(M67="",K67&","&L67,IF(N67="",K67&","&L67&","&M67,K67&","&L67&","&M67&","&N67))) -> Z | BK67: =IF(P67="",O67,IF(Q67="",O67&","&P67,IF(R67="",O67&","&P67&","&Q67,IO67&","&P67&","&Q67&","&R67))) -> 0 | BL67: =IF(S67=0,"",S67) | BM67: =A67 -> 35000
B68: 030070-P62B-AD | C68: PH(LARGE) T/S-2 STEP | D68: NAMI | F68: 43819 | H68: 3x7 | I68: EA | J68: 0 | K68: M3 | O68: M3 | W68: 0.55 | X68: 0.59 | Y68: 0 | Z68: 0 | AA68: 2 | AE68: B | AI68: 60 | AJ68: 1850246 | AK68: 0 | AN68: S18A SAIP (F) | AO68: 2.46 | AX68: 20191220 | AY68: 10[H/D],30[R/L],70[&gt;H/T],80[&gt;P/T],85[ST/ PK],99[P/K] | BG68: =IF(LEFT(AY68,2)="98","X","O") -> O | BH68: =IF(IFERROR(SEARCH("45",$AY68,1),0)>0,"Y","") | BI68: =IF(IFERROR(SEARCH("86",$AY68,1),0)>0,"Y","") | BJ68: =IF(L68="",K68,IF(M68="",K68&","&L68,IF(N68="",K68&","&L68&","&M68,K68&","&L68&","&M68&","&N68))) -> M3 | BK68: =IF(P68="",O68,IF(Q68="",O68&","&P68,IF(R68="",O68&","&P68&","&Q68,IO68&","&P68&","&Q68&","&R68))) -> M3 | BL68: =IF(S68=0,"",S68) | BM68: =A68 -> 0
B69: 030070-P62W-AD | C69: PH(LARGE) T/S-2 STEP | D69: NAMI | F69: 43819 | H69: 3x7 | I69: EA | J69: 5000 | K69: M3 | O69: M3 | W69: 0.58 | X69: 0.59 | Y69: 0 | Z69: 0 | AA69: 2 | AE69: W | AI69: 60 | AJ69: 1850246 | AK69: 0 | AL69: 0 | AN69: S18A SAIP (F) | AO69: 2.46 | AX69: 20191220 | AY69: 10[H/D],30[R/L],70[&gt;H/T],80[&gt;P/T],85[ST/ PK],99[P/K] | BG69: =IF(LEFT(AY69,2)="98","X","O") -> O | BH69: =IF(IFERROR(SEARCH("45",$AY69,1),0)>0,"Y","") | BI69: =IF(IFERROR(SEARCH("86",$AY69,1),0)>0,"Y","") | BJ69: =IF(L69="",K69,IF(M69="",K69&","&L69,IF(N69="",K69&","&L69&","&M69,K69&","&L69&","&M69&","&N69))) -> M3 | BK69: =IF(P69="",O69,IF(Q69="",O69&","&P69,IF(R69="",O69&","&P69&","&Q69,IO69&","&P69&","&Q69&","&R69))) -> M3 | BL69: =IF(S69=0,"",S69) | BM69: =A69 -> 0
A70: 53555 | B70: 030070-Z01B-AZ | C70: RIVET | D70: VEXO | F70: 44841 | H70: 3*7 | I70: EA | J70: 0 | K70: 6L | W70: 0.51 | X70: 0.51 | Y70: 0 | Z70: 0 | AA70: 0 | AE70: B | AI70: 85 | AJ70: 1000295 | AK70: 0 | AL70: 0 | AN70: S10A HD | AO70: 2.95 | AX70: 20221007 | AY70: 10[H/D],80[&gt;P/T],85[ST/ PK],99[P/K] | BG70: =IF(LEFT(AY70,2)="98","X","O") -> O | BH70: =IF(IFERROR(SEARCH("45",$AY70,1),0)>0,"Y","") | BI70: =IF(IFERROR(SEARCH("86",$AY70,1),0)>0,"Y","") | BJ70: =IF(L70="",K70,IF(M70="",K70&","&L70,IF(N70="",K70&","&L70&","&M70,K70&","&L70&","&M70&","&N70))) -> 6L | BK70: =IF(P70="",O70,IF(Q70="",O70&","&P70,IF(R70="",O70&","&P70&","&Q70,IO70&","&P70&","&Q70&","&R70))) -> 0 | BL70: =IF(S70=0,"",S70) | BM70: =A70 -> 53555
A71: 45024 | B71: 030080-B22W | C71: BH T/S - 2S | D71: PAWM | F71: 46009 | H71: 3x8 | I71: EA | J71: 0 | K71: M3 | O71: M3 | S71: CT | W71: 0.6 | X71: 0.6 | Y71: 0 | Z71: 0 | AA71: 2 | AE71: W | AI71: 69 | AJ71: 1850246 | AK71: 0 | AL71: 0 | AN71: S18A SAIP (F) | AO71: 2.46 | AR71: CUTTING (C?t duôi) | AX71: 20251218 | AY71: 10[H/D],30[R/L],60[C/T],70[&gt;H/T],80[&gt;P/T],85[ST/ PK],99[P/K] | BG71: =IF(LEFT(AY71,2)="98","X","O") -> O | BH71: =IF(IFERROR(SEARCH("45",$AY71,1),0)>0,"Y","") | BI71: =IF(IFERROR(SEARCH("86",$AY71,1),0)>0,"Y","") | BJ71: =IF(L71="",K71,IF(M71="",K71&","&L71,IF(N71="",K71&","&L71&","&M71,K71&","&L71&","&M71&","&N71))) -> M3 | BK71: =IF(P71="",O71,IF(Q71="",O71&","&P71,IF(R71="",O71&","&P71&","&Q71,IO71&","&P71&","&Q71&","&R71))) -> M3 | BL71: =IF(S71=0,"",S71) -> CT | BM71: =A71 -> 45024
A72: 52113 | B72: 030080-B51N | C72: BH M/S | D72: HANM | F72: 43775 | H72: 3X8 | I72: EA | J72: 5000 | K72: M3 | O72: M3 | W72: 0.62 | X72: 0.66 | Y72: 0 | Z72: 0 | AA72: 0 | AE72: N | AI72: 57 | AJ72: 1000260 | AK72: 0 | AN72: S10A HD | AO72: 2.6 | AX72: 20191106 | AY72: 10[H/D],30[R/L],80[&gt;P/T],85[ST/ PK],99[P/K] | BG72: =IF(LEFT(AY72,2)="98","X","O") -> O | BH72: =IF(IFERROR(SEARCH("45",$AY72,1),0)>0,"Y","") | BI72: =IF(IFERROR(SEARCH("86",$AY72,1),0)>0,"Y","") | BJ72: =IF(L72="",K72,IF(M72="",K72&","&L72,IF(N72="",K72&","&L72&","&M72,K72&","&L72&","&M72&","&N72))) -> M3 | BK72: =IF(P72="",O72,IF(Q72="",O72&","&P72,IF(R72="",O72&","&P72&","&Q72,IO72&","&P72&","&Q72&","&R72))) -> M3 | BL72: =IF(S72=0,"",S72) | BM72: =A72 -> 52113
A73: 50304 | B73: 030080-BB2B | C73: BH TTS-B | D73: BISG | F73: 43879 | H73: 3x8 | I73: EA | J73: 5000 | K73: M3 | O73: M3 | W73: 0.57 | X73: 0.58 | Y73: 0 | Z73: 0 | AA73: 2 | AE73: B | AI73: 60 | AJ73: 1850246 | AK73: 0 | AN73: S18A SAIP (F) | AO73: 2.46 | AX73: 20200218 | AY73: 10[H/D],30[R/L],70[&gt;H/T],80[&gt;P/T],85[ST/ PK],99[P/K] | BG73: =IF(LEFT(AY73,2)="98","X","O") -> O | BH73: =IF(IFERROR(SEARCH("45",$AY73,1),0)>0,"Y","") | BI73: =IF(IFERROR(SEARCH("86",$AY73,1),0)>0,"Y","") | BJ73: =IF(L73="",K73,IF(M73="",K73&","&L73,IF(N73="",K73&","&L73&","&M73,K73&","&L73&","&M73&","&N73))) -> M3 | BK73: =IF(P73="",O73,IF(Q73="",O73&","&P73,IF(R73="",O73&","&P73&","&Q73,IO73&","&P73&","&Q73&","&R73))) -> M3 | BL73: =IF(S73=0,"",S73) | BM73: =A73 -> 50304
A74: 52115 | B74: 030080-BB2N | C74: BH TTS-B | D74: HANM | F74: 43775 | H74: 3x8 | I74: EA | J74: 5000 | K74: M3 | O74: M3 | W74: 0.57 | X74: 0.57 | Y74: 0 | Z74: 0 | AA74: 2 | AE74: N | AI74: 60 | AJ74: 1850246 | AK74: 0 | AL74: 0 | AN74: S18A SAIP (F) | AO74: 2.46 | AX74: 20191106 | AY74: 10[H/D],30[R/L],70[&gt;H/T],80[&gt;P/T],85[ST/ PK],99[P/K] | BG74: =IF(LEFT(AY74,2)="98","X","O") -> O | BH74: =IF(IFERROR(SEARCH("45",$AY74,1),0)>0,"Y","") | BI74: =IF(IFERROR(SEARCH("86",$AY74,1),0)>0,"Y","") | BJ74: =IF(L74="",K74,IF(M74="",K74&","&L74,IF(N74="",K74&","&L74&","&M74,K74&","&L74&","&M74&","&N74))) -> M3 | BK74: =IF(P74="",O74,IF(Q74="",O74&","&P74,IF(R74="",O74&","&P74&","&Q74,IO74&","&P74&","&Q74&","&R74))) -> M3 | BL74: =IF(S74=0,"",S74) | BM74: =A74 -> 52115
A75: 40032 | B75: 030080-C52W | C75: PH/W(LARGE)M/S | D75: LGS | F75: 44742 | H75: M3*8 | I75: EA | J75: 0 | K75: M3 | O75: M3 | W75: 0.73 | X75: 0.71 | Y75: 0 | Z75: 0 | AA75: 2 | AE75: W | AI75: 60 | AJ75: 1850260 | AK75: 0 | AN75: S18A SAIP (F) | AO75: 2.6 | AX75: 20220630 | AY75: 10[H/D],30[R/L],70[&gt;H/T],80[&gt;P/T],85[ST/ PK],99[P/K] | BG75: =IF(LEFT(AY75,2)="98","X","O") -> O | BH75: =IF(IFERROR(SEARCH("45",$AY75,1),0)>0,"Y","") | BI75: =IF(IFERROR(SEARCH("86",$AY75,1),0)>0,"Y","") | BJ75: =IF(L75="",K75,IF(M75="",K75&","&L75,IF(N75="",K75&","&L75&","&M75,K75&","&L75&","&M75&","&N75))) -> M3 | BK75: =IF(P75="",O75,IF(Q75="",O75&","&P75,IF(R75="",O75&","&P75&","&Q75,IO75&","&P75&","&Q75&","&R75))) -> M3 | BL75: =IF(S75=0,"",S75) | BM75: =A75 -> 40032
A76: 40212 | B76: 030080-CP5W | C76: PH/W TTS-P (STS430) | D76: SHARP | F76: 45359 | H76: 3x8 | I76: EA | J76: 5000 | K76: M4 | O76: M3 | W76: 0.7 | X76: 0.68 | Y76: 0 | Z76: 0 | AA76: 0 | AE76: W3 | AI76: 57 | AJ76: 4300246 | AK76: 0 | AL76: 0 | AN76: STS430 WSA | AO76: 2.46 | AX76: 20240308 | AY76: 10[H/D],30[R/L],80[&gt;P/T],85[ST/ PK],99[P/K] | BG76: =IF(LEFT(AY76,2)="98","X","O") -> O | BH76: =IF(IFERROR(SEARCH("45",$AY76,1),0)>0,"Y","") | BI76: =IF(IFERROR(SEARCH("86",$AY76,1),0)>0,"Y","") | BJ76: =IF(L76="",K76,IF(M76="",K76&","&L76,IF(N76="",K76&","&L76&","&M76,K76&","&L76&","&M76&","&N76))) -> M4 | BK76: =IF(P76="",O76,IF(Q76="",O76&","&P76,IF(R76="",O76&","&P76&","&Q76,IO76&","&P76&","&Q76&","&R76))) -> M3 | BL76: =IF(S76=0,"",S76) | BM76: =A76 -> 40212
A77: 55016 | B77: 030080-CY6H-T | C77: PH/W P.T (STS304) | D77: FRIW | F77: 45483 | H77: 3x8 | I77: EA | J77: 0 | K77: 9 | O77: M3 | W77: 0.65 | X77: 0.65 | Y77: 0 | Z77: 0 | AA77: 0 | AE77: H | AI77: 57 | AJ77: 3020260 | AK77: 0 | AN77: STS304CU WSA | AO77: 2.6 | AX77: 20240710 | AY77: 10[H/D],30[R/L],80[&gt;P/T],85[ST/ PK],99[P/K] | BG77: =IF(LEFT(AY77,2)="98","X","O") -> O | BH77: =IF(IFERROR(SEARCH("45",$AY77,1),0)>0,"Y","") | BI77: =IF(IFERROR(SEARCH("86",$AY77,1),0)>0,"Y","") | BJ77: =IF(L77="",K77,IF(M77="",K77&","&L77,IF(N77="",K77&","&L77&","&M77,K77&","&L77&","&M77&","&N77))) -> 9 | BK77: =IF(P77="",O77,IF(Q77="",O77&","&P77,IF(R77="",O77&","&P77&","&Q77,IO77&","&P77&","&Q77&","&R77))) -> M3 | BL77: =IF(S77=0,"",S77) | BM77: =A77 -> 55016
A78: 55018 | B78: 030080-J52N | C78: FH(100) M/S | D78: FRIW | F78: 45493 | H78: M3x8 | I78: EA | J78: 5000 | K78: M3 | O78: M3 | W78: 0.43 | X78: 0.43 | Y78: 0 | Z78: 0 | AA78: 2 | AE78: N | AI78: 60 | AJ78: 1850260 | AK78: 0 | AL78: 0 | AN78: S18A SAIP (F) | AO78: 2.6 | AX78: 20240720 | AY78: 10[H/D],30[R/L],70[&gt;H/T],80[&gt;P/T],85[ST/ PK],99[P/K] | BG78: =IF(LEFT(AY78,2)="98","X","O") -> O | BH78: =IF(IFERROR(SEARCH("45",$AY78,1),0)>0,"Y","") | BI78: =IF(IFERROR(SEARCH("86",$AY78,1),0)>0,"Y","") | BJ78: =IF(L78="",K78,IF(M78="",K78&","&L78,IF(N78="",K78&","&L78&","&M78,K78&","&L78&","&M78&","&N78))) -> M3 | BK78: =IF(P78="",O78,IF(Q78="",O78&","&P78,IF(R78="",O78&","&P78&","&Q78,IO78&","&P78&","&Q78&","&R78))) -> M3 | BL78: =IF(S78=0,"",S78) | BM78: =A78 -> 55018
A79: 40013 | B79: 030080-J621 | C79: FH T/S-2(NO CUTTING) | D79: LGS | F79: 43733 | H79: 3x8 | I79: EA | J79: 5000 | K79: M3 | O79: M3 | W79: 0.42 | X79: 0.45 | Y79: 0 | Z79: 0 | AA79: 2 | AE79: 101 | AI79: 60 | AJ79: 1850246 | AK79: 0 | AN79: S18A SAIP (F) | AO79: 2.46 | AT79: Nano / 168hr | AX79: 20190925 | AY79: 10[H/D],30[R/L],70[&gt;H/T],80[&gt;P/T],85[ST/ PK],99[P/K] | BG79: =IF(LEFT(AY79,2)="98","X","O") -> O | BH79: =IF(IFERROR(SEARCH("45",$AY79,1),0)>0,"Y","") | BI79: =IF(IFERROR(SEARCH("86",$AY79,1),0)>0,"Y","") | BJ79: =IF(L79="",K79,IF(M79="",K79&","&L79,IF(N79="",K79&","&L79&","&M79,K79&","&L79&","&M79&","&N79))) -> M3 | BK79: =IF(P79="",O79,IF(Q79="",O79&","&P79,IF(R79="",O79&","&P79&","&Q79,IO79&","&P79&","&Q79&","&R79))) -> M3 | BL79: =IF(S79=0,"",S79) | BM79: =A79 -> 40013
A80: 51821 | B80: 030080-J62B | C80: FH T/S-2(NO CUTTING) | D80: NAMI | F80: 43965 | H80: 3x8 | I80: EA | J80: 20000 | K80: M3 | O80: M3 | W80: 0.42 | X80: 0.45 | Y80: 0 | Z80: 0 | AA80: 2 | AE80: B | AI80: 60 | AJ80: 1850246 | AK80: 0 | AL80: 0 | AN80: S18A SAIP (F) | AO80: 2.46 | AX80: 20200514 | AY80: 10[H/D],30[R/L],70[&gt;H/T],80[&gt;P/T],85[ST/ PK],99[P/K] | BG80: =IF(LEFT(AY80,2)="98","X","O") -> O | BH80: =IF(IFERROR(SEARCH("45",$AY80,1),0)>0,"Y","") | BI80: =IF(IFERROR(SEARCH("86",$AY80,1),0)>0,"Y","") | BJ80: =IF(L80="",K80,IF(M80="",K80&","&L80,IF(N80="",K80&","&L80&","&M80,K80&","&L80&","&M80&","&N80))) -> M3 | BK80: =IF(P80="",O80,IF(Q80="",O80&","&P80,IF(R80="",O80&","&P80&","&Q80,IO80&","&P80&","&Q80&","&R80))) -> M3 | BL80: =IF(S80=0,"",S80) | BM80: =A80 -> 51821
A81: 51822 | B81: 030080-J62N | C81: FH T/S-2(NO CUTTING) | D81: NAMI | F81: 43965 | H81: 3x8 | I81: EA | J81: 20000 | K81: M3 | O81: M3 | W81: 0.42 | X81: 0.44 | Y81: 0 | Z81: 0 | AA81: 2 | AE81: N | AI81: 60 | AJ81: 1850246 | AK81: 0 | AN81: S18A SAIP (F) | AO81: 2.46 | AX81: 20200514 | AY81: 10[H/D],30[R/L],70[&gt;H/T],80[&gt;P/T],85[ST/ PK],99[P/K] | BG81: =IF(LEFT(AY81,2)="98","X","O") -> O | BH81: =IF(IFERROR(SEARCH("45",$AY81,1),0)>0,"Y","") | BI81: =IF(IFERROR(SEARCH("86",$AY81,1),0)>0,"Y","") | BJ81: =IF(L81="",K81,IF(M81="",K81&","&L81,IF(N81="",K81&","&L81&","&M81,K81&","&L81&","&M81&","&N81))) -> M3 | BK81: =IF(P81="",O81,IF(Q81="",O81&","&P81,IF(R81="",O81&","&P81&","&Q81,IO81&","&P81&","&Q81&","&R81))) -> M3 | BL81: =IF(S81=0,"",S81) | BM81: =A81 -> 51822
A82: 40033 | B82: 030080-JB2B | C82: FH TTS-B | D82: LGS | F82: 44847 | H82: 3*8 | I82: EA | J82: 5000 | K82: M3 | O82: M3 | W82: 0.42 | X82: 0.36 | Y82: 0 | Z82: 0 | AA82: 2 | AE82: B | AI82: 60 | AJ82: 1850246 | AK82: 0 | AL82: 0 | AN82: S18A SAIP (F) | AO82: 2.46 | AX82: 20221013 | AY82: 10[H/D],30[R/L],70[&gt;H/T],80[&gt;P/T],85[ST/ PK],99[P/K] | BG82: =IF(LEFT(AY82,2)="98","X","O") -> O | BH82: =IF(IFERROR(SEARCH("45",$AY82,1),0)>0,"Y","") | BI82: =IF(IFERROR(SEARCH("86",$AY82,1),0)>0,"Y","") | BJ82: =IF(L82="",K82,IF(M82="",K82&","&L82,IF(N82="",K82&","&L82&","&M82,K82&","&L82&","&M82&","&N82))) -> M3 | BK82: =IF(P82="",O82,IF(Q82="",O82&","&P82,IF(R82="",O82&","&P82&","&Q82,IO82&","&P82&","&Q82&","&R82))) -> M3 | BL82: =IF(S82=0,"",S82) | BM82: =A82 -> 40033
A83: 40214 | B83: 030080-JP2B | C83: FH TTS-P | D83: SHARP | F83: 44986 | H83: 3*8 | I83: EA | J83: 5000 | K83: M3 | O83: M3 | W83: 0.43 | X83: 0.43 | Y83: 0 | Z83: 0 | AA83: 2 | AE83: B | AI83: 60 | AJ83: 1850246 | AK83: 0 | AN83: S18A SAIP (F) | AO83: 2.46 | AX83: 20230301 | AY83: 10[H/D],30[R/L],70[&gt;H/T],80[&gt;P/T],85[ST/ PK],99[P/K] | BG83: =IF(LEFT(AY83,2)="98","X","O") -> O | BH83: =IF(IFERROR(SEARCH("45",$AY83,1),0)>0,"Y","") | BI83: =IF(IFERROR(SEARCH("86",$AY83,1),0)>0,"Y","") | BJ83: =IF(L83="",K83,IF(M83="",K83&","&L83,IF(N83="",K83&","&L83&","&M83,K83&","&L83&","&M83&","&N83))) -> M3 | BK83: =IF(P83="",O83,IF(Q83="",O83&","&P83,IF(R83="",O83&","&P83&","&Q83,IO83&","&P83&","&Q83&","&R83))) -> M3 | BL83: =IF(S83=0,"",S83) | BM83: =A83 -> 40214
A84: 40219 | B84: 030080-JP2W | C84: FH TTS-P | D84: SHARP | F84: 45359 | H84: 3x8 | I84: EA | J84: 8000 | K84: M3 | O84: M3 | W84: 0.43 | X84: 0.38 | Y84: 0 | Z84: 0 | AA84: 2 | AE84: W | AI84: 60 | AJ84: 1850246 | AK84: 0 | AL84: 0 | AN84: S18A SAIP (F) | AO84: 2.46 | AX84: 20240308 | AY84: 10[H/D],30[R/L],70[&gt;H/T],80[&gt;P/T],85[ST/ PK],99[P/K] | BG84: =IF(LEFT(AY84,2)="98","X","O") -> O | BH84: =IF(IFERROR(SEARCH("45",$AY84,1),0)>0,"Y","") | BI84: =IF(IFERROR(SEARCH("86",$AY84,1),0)>0,"Y","") | BJ84: =IF(L84="",K84,IF(M84="",K84&","&L84,IF(N84="",K84&","&L84&","&M84,K84&","&L84&","&M84&","&N84))) -> M3 | BK84: =IF(P84="",O84,IF(Q84="",O84&","&P84,IF(R84="",O84&","&P84&","&Q84,IO84&","&P84&","&Q84&","&R84))) -> M3 | BL84: =IF(S84=0,"",S84) | BM84: =A84 -> 40219
A85: 20034 | B85: 030080-P22W | C85: PH T/S-2S | D85: SEHC | F85: 42748 | H85: 3*8 | I85: EA | J85: 5000 | K85: M3 | O85: M3 | S85: CT | W85: 0.52 | X85: 0.5 | Y85: 0 | Z85: 0 | AA85: 2 | AE85: W | AI85: 69 | AJ85: 1850246 | AK85: 0 | AL85: 0 | AN85: S18A SAIP (F) | AO85: 2.46 | AR85: CUTTING (C?t duôi) | AV85: 46028 | AX85: 20170113 | AY85: 10[H/D],30[R/L],60[C/T],70[&gt;H/T],80[&gt;P/T],85[ST/ PK],99[P/K] | BG85: =IF(LEFT(AY85,2)="98","X","O") -> O | BH85: =IF(IFERROR(SEARCH("45",$AY85,1),0)>0,"Y","") | BI85: =IF(IFERROR(SEARCH("86",$AY85,1),0)>0,"Y","") | BJ85: =IF(L85="",K85,IF(M85="",K85&","&L85,IF(N85="",K85&","&L85&","&M85,K85&","&L85&","&M85&","&N85))) -> M3 | BK85: =IF(P85="",O85,IF(Q85="",O85&","&P85,IF(R85="",O85&","&P85&","&Q85,IO85&","&P85&","&Q85&","&R85))) -> M3 | BL85: =IF(S85=0,"",S85) -> CT | BM85: =A85 -> 20034
A86: 52801 | B86: 030080-P26H | C86: PH T/S-2S(STS304) | D86: TIGE | F86: 44095 | H86: 3x8 | I86: EA | J86: 5000 | K86: M3 | O86: M3 | S86: CT | W86: 0.53 | X86: 0.55 | Y86: 0 | Z86: 0 | AA86: 0 | AE86: H | AI86: 59 | AJ86: 3020246 | AK86: 0 | AL86: 0 | AN86: STS304CU WSA | AO86: 2.46 | AR86: CUTTING (C?t duôi) | AX86: 20200921 | AY86: 10[H/D],30[R/L],60[C/T],80[&gt;P/T],85[ST/ PK],99[P/K] | BG86: =IF(LEFT(AY86,2)="98","X","O") -> O | BH86: =IF(IFERROR(SEARCH("45",$AY86,1),0)>0,"Y","") | BI86: =IF(IFERROR(SEARCH("86",$AY86,1),0)>0,"Y","") | BJ86: =IF(L86="",K86,IF(M86="",K86&","&L86,IF(N86="",K86&","&L86&","&M86,K86&","&L86&","&M86&","&N86))) -> M3 | BK86: =IF(P86="",O86,IF(Q86="",O86&","&P86,IF(R86="",O86&","&P86&","&Q86,IO86&","&P86&","&Q86&","&R86))) -> M3 | BL86: =IF(S86=0,"",S86) -> CT | BM86: =A86 -> 52801
A87: 51841 | B87: 030080-P32B-AD | C87: PH(LARGE) T/S-3 STEP | D87: NAMI | F87: 45293 | H87: M3x8 | I87: EA | J87: 0 | K87: M4 | O87: M3 | W87: 0.74 | X87: 0.75 | Y87: 0 | Z87: 0 | AA87: 2 | AE87: B | AI87: 60 | AJ87: 1810260 | AK87: 0 | AL87: 0 | AN87: S18A SAIP | AO87: 2.6 | AX87: 20240102 | AY87: 10[H/D],30[R/L],70[&gt;H/T],80[&gt;P/T],85[ST/ PK],99[P/K] | BG87: =IF(LEFT(AY87,2)="98","X","O") -> O | BH87: =IF(IFERROR(SEARCH("45",$AY87,1),0)>0,"Y","") | BI87: =IF(IFERROR(SEARCH("86",$AY87,1),0)>0,"Y","") | BJ87: =IF(L87="",K87,IF(M87="",K87&","&L87,IF(N87="",K87&","&L87&","&M87,K87&","&L87&","&M87&","&N87))) -> M4 | BK87: =IF(P87="",O87,IF(Q87="",O87&","&P87,IF(R87="",O87&","&P87&","&Q87,IO87&","&P87&","&Q87&","&R87))) -> M3 | BL87: =IF(S87=0,"",S87) | BM87: =A87 -> 51841
A88: 51840 | B88: 030080-P32W-AD | C88: PH(LARGE) T/S-3 STEP | D88: NAMI | F88: 45293 | H88: M3x8 | I88: EA | J88: 15000 | K88: M4 | O88: M3 | W88: 0.74 | X88: 0.75 | Y88: 0 | Z88: 0 | AA88: 2 | AE88: W | AI88: 60 | AJ88: 1850260 | AK88: 0 | AN88: S18A SAIP (F) | AO88: 2.6 | AX88: 20240102 | AY88: 10[H/D],30[R/L],70[&gt;H/T],80[&gt;P/T],85[ST/ PK],99[P/K] | BG88: =IF(LEFT(AY88,2)="98","X","O") -> O | BH88: =IF(IFERROR(SEARCH("45",$AY88,1),0)>0,"Y","") | BI88: =IF(IFERROR(SEARCH("86",$AY88,1),0)>0,"Y","") | BJ88: =IF(L88="",K88,IF(M88="",K88&","&L88,IF(N88="",K88&","&L88&","&M88,K88&","&L88&","&M88&","&N88))) -> M4 | BK88: =IF(P88="",O88,IF(Q88="",O88&","&P88,IF(R88="",O88&","&P88&","&Q88,IO88&","&P88&","&Q88&","&R88))) -> M3 | BL88: =IF(S88=0,"",S88) | BM88: =A88 -> 51840
A89: 40009 | B89: 030080-P511-3 | C89: PH M/S S/W | D89: LGS | F89: 43727 | H89: 3x8 | I89: EA | J89: 5000 | K89: M3 | O89: S6 | W89: 0.56 | X89: 0.65 | Y89: 0 | Z89: 0 | AA89: 0 | AE89: 101 | AI89: 18 | AJ89: 1000260 | AK89: 0 | AN89: S10A HD | AO89: 2.6 | AT89: Nano 168h | AX89: 20190919 | AY89: 10[H/D],45[S/R],80[&gt;P/T],85[ST/ PK],99[P/K] | AZ89: 027055-0780-3 | BG89: =IF(LEFT(AY89,2)="98","X","O") -> O | BH89: =IF(IFERROR(SEARCH("45",$AY89,1),0)>0,"Y","") -> Y | BI89: =IF(IFERROR(SEARCH("86",$AY89,1),0)>0,"Y","") | BJ89: =IF(L89="",K89,IF(M89="",K89&","&L89,IF(N89="",K89&","&L89&","&M89,K89&","&L89&","&M89&","&N89))) -> M3 | BK89: =IF(P89="",O89,IF(Q89="",O89&","&P89,IF(R89="",O89&","&P89&","&Q89,IO89&","&P89&","&Q89&","&R89))) -> S6 | BL89: =IF(S89=0,"",S89) | BM89: =A89 -> 40009
A90: 55020 | B90: 030080-P51N | C90: PH M/S(6g) | D90: FRIW | F90: 45490 | H90: M3x8 | I90: EA | J90: 5000 | K90: M3 | O90: M3 | W90: 0.54 | X90: 0.57 | Y90: 0 | Z90: 0 | AA90: 0 | AE90: N | AI90: 57 | AJ90: 1000260 | AK90: 0 | AL90: 0 | AN90: S10A HD | AO90: 2.6 | AX90: 20240717 | AY90: 10[H/D],30[R/L],80[&gt;P/T],85[ST/ PK],99[P/K] | BG90: =IF(LEFT(AY90,2)="98","X","O") -> O | BH90: =IF(IFERROR(SEARCH("45",$AY90,1),0)>0,"Y","") | BI90: =IF(IFERROR(SEARCH("86",$AY90,1),0)>0,"Y","") | BJ90: =IF(L90="",K90,IF(M90="",K90&","&L90,IF(N90="",K90&","&L90&","&M90,K90&","&L90&","&M90&","&N90))) -> M3 | BK90: =IF(P90="",O90,IF(Q90="",O90&","&P90,IF(R90="",O90&","&P90&","&Q90,IO90&","&P90&","&Q90&","&R90))) -> M3 | BL90: =IF(S90=0,"",S90) | BM90: =A90 -> 55020
A91: 52116 | B91: 030080-P51N-4 | C91: PH M/S S,P/W | D91: HANM | F91: 43774 | H91: 3x8 | I91: EA | J91: 5000 | K91: M3 | O91: S6 | W91: 0.56 | X91: 0.75 | Y91: 0 | Z91: 0 | AA91: 0 | AE91: N | AI91: 18 | AJ91: 1000260 | AK91: 0 | AN91: S10A HD | AO91: 2.6 | AX91: 20191105 | AY91: 10[H/D],45[S/R],80[&gt;P/T],85[ST/ PK],99[P/K] | AZ91: 027060-0600-2F | BA91: 027055-0780-3 | BG91: =IF(LEFT(AY91,2)="98","X","O") -> O | BH91: =IF(IFERROR(SEARCH("45",$AY91,1),0)>0,"Y","") -> Y | BI91: =IF(IFERROR(SEARCH("86",$AY91,1),0)>0,"Y","") | BJ91: =IF(L91="",K91,IF(M91="",K91&","&L91,IF(N91="",K91&","&L91&","&M91,K91&","&L91&","&M91&","&N91))) -> M3 | BK91: =IF(P91="",O91,IF(Q91="",O91&","&P91,IF(R91="",O91&","&P91&","&Q91,IO91&","&P91&","&Q91&","&R91))) -> S6 | BL91: =IF(S91=0,"",S91) | BM91: =A91 -> 52116
A92: 20099 | B92: 030080-P52A-S | C92: PH M/S SE CO | D92: SEHC-V | F92: 45897 | H92: M3x8 | I92: EA | J92: 0 | K92: M3 | O92: M3 | W92: 0.54 | X92: 0.54 | Y92: 0 | Z92: 0 | AA92: 2 | AE92: A | AI92: 92 | AJ92: 1850260 | AK92: 0 | AL92: 0 | AN92: S18A SAIP (F) | AO92: 2.6 | AU92: Blue | AX92: 20250828 | AY92: 10[H/D],30[R/L],70[&gt;H/T],80[&gt;P/T],86[CO/ST/PK],99[P/K] | BG92: =IF(LEFT(AY92,2)="98","X","O") -> O | BH92: =IF(IFERROR(SEARCH("45",$AY92,1),0)>0,"Y","") | BI92: =IF(IFERROR(SEARCH("86",$AY92,1),0)>0,"Y","") -> Y | BJ92: =IF(L92="",K92,IF(M92="",K92&","&L92,IF(N92="",K92&","&L92&","&M92,K92&","&L92&","&M92&","&N92))) -> M3 | BK92: =IF(P92="",O92,IF(Q92="",O92&","&P92,IF(R92="",O92&","&P92&","&Q92,IO92&","&P92&","&Q92&","&R92))) -> M3 | BL92: =IF(S92=0,"",S92) | BM92: =A92 -> 20099
A93: 40014 | B93: 030080-P611-Q | C93: PH T/S-2(NO CUTTING) | D93: LGS | F93: 43773 | H93: 3x8 | I93: EA | J93: 5000 | K93: M3 | O93: M3 | W93: 0.51 | X93: 0.52 | Y93: 0 | Z93: 0 | AA93: 1 | AE93: 102 | AI93: 60 | AJ93: 1000246 | AK93: 0 | AN93: S10A HD | AO93: 2.46 | AT93: Black, Baking, Nano/168hr | AX93: 20191104 | AY93: 10[H/D],30[R/L],70[&gt;H/T],80[&gt;P/T],85[ST/ PK],99[P/K] | BG93: =IF(LEFT(AY93,2)="98","X","O") -> O | BH93: =IF(IFERROR(SEARCH("45",$AY93,1),0)>0,"Y","") | BI93: =IF(IFERROR(SEARCH("86",$AY93,1),0)>0,"Y","") | BJ93: =IF(L93="",K93,IF(M93="",K93&","&L93,IF(N93="",K93&","&L93&","&M93,K93&","&L93&","&M93&","&N93))) -> M3 | BK93: =IF(P93="",O93,IF(Q93="",O93&","&P93,IF(R93="",O93&","&P93&","&Q93,IO93&","&P93&","&Q93&","&R93))) -> M3 | BL93: =IF(S93=0,"",S93) | BM93: =A93 -> 40014
A94: 20602 | B94: 030080-P62G | C94: PH T/S-2(NO CUTTING) | D94: DYEV | F94: 44114 | H94: 3x8 | I94: EA | J94: 5000 | K94: M3 | O94: M3 | W94: 0.51 | X94: 0.53 | Y94: 0 | Z94: 0 | AA94: 2 | AE94: G2 | AI94: 60 | AJ94: 1850246 | AK94: 0 | AN94: S18A SAIP (F) | AO94: 2.46 | AT94: K?m Vàng | AX94: 20201010 | AY94: 10[H/D],30[R/L],70[&gt;H/T],80[&gt;P/T],85[ST/ PK],99[P/K] | BG94: =IF(LEFT(AY94,2)="98","X","O") -> O | BH94: =IF(IFERROR(SEARCH("45",$AY94,1),0)>0,"Y","") | BI94: =IF(IFERROR(SEARCH("86",$AY94,1),0)>0,"Y","") | BJ94: =IF(L94="",K94,IF(M94="",K94&","&L94,IF(N94="",K94&","&L94&","&M94,K94&","&L94&","&M94&","&N94))) -> M3 | BK94: =IF(P94="",O94,IF(Q94="",O94&","&P94,IF(R94="",O94&","&P94&","&Q94,IO94&","&P94&","&Q94&","&R94))) -> M3 | BL94: =IF(S94=0,"",S94) | BM94: =A94 -> 20602
A95: 20800 | B95: 030080-P62W | C95: PH T/S-2 | D95: SEHC-W | F95: 43087 | H95: 3x8 | I95: EA | J95: 5000 | K95: M3 | O95: M3 | W95: 0.52 | X95: 0.52 | Y95: 0 | Z95: 0 | AA95: 2 | AE95: W | AI95: 60 | AJ95: 1850246 | AK95: 0 | AL95: 0 | AN95: S18A SAIP (F) | AO95: 2.46 | AV95: 46029 | AX95: 20171218 | AY95: 10[H/D],30[R/L],70[&gt;H/T],80[&gt;P/T],85[ST/ PK],99[P/K] | BG95: =IF(LEFT(AY95,2)="98","X","O") -> O | BH95: =IF(IFERROR(SEARCH("45",$AY95,1),0)>0,"Y","") | BI95: =IF(IFERROR(SEARCH("86",$AY95,1),0)>0,"Y","") | BJ95: =IF(L95="",K95,IF(M95="",K95&","&L95,IF(N95="",K95&","&L95&","&M95,K95&","&L95&","&M95&","&N95))) -> M3 | BK95: =IF(P95="",O95,IF(Q95="",O95&","&P95,IF(R95="",O95&","&P95&","&Q95,IO95&","&P95&","&Q95&","&R95))) -> M3 | BL95: =IF(S95=0,"",S95) | BM95: =A95 -> 20800
A96: 53116 | B96: 030080-P65G | C96: PH T/S-2(NO CT)(STS) | D96: INUS | F96: 45367 | H96: 3x8 | I96: EA | J96: 5000 | K96: M3 | O96: M3 | W96: 0.53 | X96: 0.53 | Y96: 0 | Z96: 0 | AA96: 0 | AE96: G1 | AI96: 57 | AJ96: 4300246 | AK96: 0 | AN96: STS430 WSA | AO96: 2.46 | AX96: 20240316 | AY96: 10[H/D],30[R/L],80[&gt;P/T],85[ST/ PK],99[P/K] | BG96: =IF(LEFT(AY96,2)="98","X","O") -> O | BH96: =IF(IFERROR(SEARCH("45",$AY96,1),0)>0,"Y","") | BI96: =IF(IFERROR(SEARCH("86",$AY96,1),0)>0,"Y","") | BJ96: =IF(L96="",K96,IF(M96="",K96&","&L96,IF(N96="",K96&","&L96&","&M96,K96&","&L96&","&M96&","&N96))) -> M3 | BK96: =IF(P96="",O96,IF(Q96="",O96&","&P96,IF(R96="",O96&","&P96&","&Q96,IO96&","&P96&","&Q96&","&R96))) -> M3 | BL96: =IF(S96=0,"",S96) | BM96: =A96 -> 53116
A97: 20055 | B97: 030080-PB2B | C97: PH TTS-B | D97: SGVN | F97: 43087 | H97: 3x8 | I97: EA | J97: 5000 | K97: M3 | O97: M3 | W97: 0.51 | X97: 0.52 | Y97: 0 | Z97: 0 | AA97: 2 | AE97: B | AI97: 60 | AJ97: 1850246 | AK97: 0 | AL97: 0 | AN97: S18A SAIP (F) | AO97: 2.46 | AV97: 46030 | AX97: 20171218 | AY97: 10[H/D],30[R/L],70[&gt;H/T],80[&gt;P/T],85[ST/ PK],99[P/K] | BG97: =IF(LEFT(AY97,2)="98","X","O") -> O | BH97: =IF(IFERROR(SEARCH("45",$AY97,1),0)>0,"Y","") | BI97: =IF(IFERROR(SEARCH("86",$AY97,1),0)>0,"Y","") | BJ97: =IF(L97="",K97,IF(M97="",K97&","&L97,IF(N97="",K97&","&L97&","&M97,K97&","&L97&","&M97&","&N97))) -> M3 | BK97: =IF(P97="",O97,IF(Q97="",O97&","&P97,IF(R97="",O97&","&P97&","&Q97,IO97&","&P97&","&Q97&","&R97))) -> M3 | BL97: =IF(S97=0,"",S97) | BM97: =A97 -> 20055
A98: 52114 | B98: 030080-PB2N | C98: PH TTS-B | D98: HANM | F98: 43774 | H98: 3x8 | I98: EA | J98: 5000 | K98: M3 | O98: M3 | W98: 0.52 | X98: 0.55 | Y98: 0 | Z98: 0 | AA98: 2 | AE98: N | AI98: 60 | AJ98: 1850246 | AK98: 0 | AN98: S18A SAIP (F) | AO98: 2.46 | AX98: 20191105 | AY98: 10[H/D],30[R/L],70[&gt;H/T],80[&gt;P/T],85[ST/ PK],99[P/K] | BG98: =IF(LEFT(AY98,2)="98","X","O") -> O | BH98: =IF(IFERROR(SEARCH("45",$AY98,1),0)>0,"Y","") | BI98: =IF(IFERROR(SEARCH("86",$AY98,1),0)>0,"Y","") | BJ98: =IF(L98="",K98,IF(M98="",K98&","&L98,IF(N98="",K98&","&L98&","&M98,K98&","&L98&","&M98&","&N98))) -> M3 | BK98: =IF(P98="",O98,IF(Q98="",O98&","&P98,IF(R98="",O98&","&P98&","&Q98,IO98&","&P98&","&Q98&","&R98))) -> M3 | BL98: =IF(S98=0,"",S98) | BM98: =A98 -> 52114
A99: 52400 | B99: 030080-PB2W | C99: PH TTS-B | D99: BSVN | F99: 43840 | H99: 3x8 | I99: EA | J99: 5000 | K99: M3 | O99: M3 | W99: 0.52 | X99: 0.5 | Y99: 0 | Z99: 0 | AA99: 2 | AE99: W | AI99: 60 | AJ99: 1850246 | AK99: 0 | AN99: S18A SAIP (F) | AO99: 2.46 | AX99: 20200110 | AY99: 10[H/D],30[R/L],70[&gt;H/T],80[&gt;P/T],85[ST/ PK],99[P/K] | BG99: =IF(LEFT(AY99,2)="98","X","O") -> O | BH99: =IF(IFERROR(SEARCH("45",$AY99,1),0)>0,"Y","") | BI99: =IF(IFERROR(SEARCH("86",$AY99,1),0)>0,"Y","") | BJ99: =IF(L99="",K99,IF(M99="",K99&","&L99,IF(N99="",K99&","&L99&","&M99,K99&","&L99&","&M99&","&N99))) -> M3 | BK99: =IF(P99="",O99,IF(Q99="",O99&","&P99,IF(R99="",O99&","&P99&","&Q99,IO99&","&P99&","&Q99&","&R99))) -> M3 | BL99: =IF(S99=0,"",S99) | BM99: =A99 -> 52400
A100: 51843 | B100: 030080-PB2W-Z | C100: PH TTS-B | D100: NAMI | F100: 46007 | H100: 3x8 | I100: EA | J100: 20000 | K100: M3 | O100: M3 | W100: 0.52 | X100: 0.52 | Y100: 0 | Z100: 0 | AA100: 2 | AE100: W | AI100: 60 | AJ100: 1850246 | AK100: 0 | AL100: 0 | AN100: S18A SAIP (F) | AO100: 2.46 | AX100: 20251216 | AY100: 10[H/D],30[R/L],70[&gt;H/T],80[&gt;P/T],85[ST/ PK],99[P/K] | BG100: =IF(LEFT(AY100,2)="98","X","O") -> O | BH100: =IF(IFERROR(SEARCH("45",$AY100,1),0)>0,"Y","") | BI100: =IF(IFERROR(SEARCH("86",$AY100,1),0)>0,"Y","") | BJ100: =IF(L100="",K100,IF(M100="",K100&","&L100,IF(N100="",K100&","&L100&","&M100,K100&","&L100&","&M100&","&N100))) -> M3 | BK100: =IF(P100="",O100,IF(Q100="",O100&","&P100,IF(R100="",O100&","&P100&","&Q100,IO100&","&P100&","&Q100&","&R100))) -> M3 | BL100: =IF(S100=0,"",S100) | BM100: =A100 -> 51843
...

Sheet FG Stock
A1: công ty | B1: mã code | C1: Code s?n ph?m | D1: tên s?n ph?m | E1: quy cách | F1: code li?u | G1: d?ng | H1: t?n tháng tru?c | I1: nh?p | J1: xu?t | K1: di?u ch?nh | L1: s? lu?ng ch? dóng gói | M1: t?n | N1: giá | O1: ti?n t?n | P1: Ghi chú
A2: TBVN | B2: *N80130-PDEZ-S* | C2: #80130-PDEZ-S | D2: PH SDS SE | E2: #8x13 | F2: P02200325 | G2: 1.49 | H2: 782000 | I2: 0 | J2: 150000 | K2: 0 | M2: 632000 | O2: 0
A3: HPW | B3: *N80160-CD5H* | C3: #80160-CD5H | D3: PH/W SDS | E3: #8x16 | F3: 4100325 | G3: 1.53 | H3: 159500 | I3: 0 | J3: 0 | K3: 0 | M3: 159500 | O3: 91234000
A4: HPW | B4: *N80160-JD5H* | C4: #80160-JD5H | D4: FH SDS | E4: #8x16 | F4: 4100325 | G4: 1.17 | H4: 66000 | I4: 0 | J4: 0 | K4: 0 | M4: 66000 | O4: 37554000
A5: HSBK | B5: *N80180-F12Z-5P* | C5: #80180-F12Z-5P | D5: FL + T/S-1 PVC/W | E5: #8 x18 | F5: 1850330 | G5: 2.18 | H5: 216000 | I5: 0 | J5: 0 | K5: 0 | M5: 216000 | O5: 3456
A6: SHARP | B6: *020030-YB2B* | C6: 020030-YB2B | D6: FLATNESS TTS-B | E6: 2*3 | F6: 1850169 | G6: 0.11 | H6: 29181 | I6: 0 | J6: 0 | K6: 0 | M6: 29181 | O6: 0
A7: SCON | B7: *020050-P56H* | C7: 020050-P56H | D7: PH M/S (SUS304) | E7: M2*5 | F7: 3040160 | G7: 0.17 | H7: 100000 | I7: 0 | J7: 0 | K7: 0 | M7: 100000 | O7: 0
A8: SHARP | B8: *020060-B62W* | C8: 020060-B62W | D8: BH T/S-2(NO CUTTING) | E8: 2x6 | F8: 1850171 | G8: 0.2 | H8: 190000 | I8: 0 | J8: 25000 | K8: 0 | M8: 165000 | O8: 10560000
A9: SHARP | B9: *020060-PB2W* | C9: 020060-PB2W | D9: PH TTS-B | E9: 2x6 | F9: 1850169 | G9: 0.15 | H9: 103958 | I9: 0 | J9: 10000 | K9: 0 | M9: 93958 | O9: 0
A10: NAMI | B10: *020075-PP2B* | C10: 020075-PP2B | D10: PH TTS-P | E10: 2x7.5 | F10: 1850165 | G10: 0.17 | H10: 740000 | I10: 0 | J10: 300000 | K10: 0 | M10: 440000 | O10: 22880000
A11: SEHC | B11: *020130-Z06H* | C11: 020130-Z06H | D11: SHAFT HINGE | E11: 2x13 | F11: 3330020 | G11: 0.35 | H11: 160000 | I11: 0 | J11: 0 | K11: 0 | M11: 160000 | O11: 16480000
A12: NAMI | B12: *020170-P51W* | C12: 020170-P51W | D12: PH M/S | E12: 2x17 | F12: 1000169 | G12: 0.36 | H12: 550000 | I12: 0 | J12: 200000 | K12: 0 | M12: 350000 | O12: 0
A13: HSV | B13: *026080-0500-2F* | C13: 026080-0500-2F | D13: PLAIN WASHER | E13: 2.6x8.0x0.5T | F13: P15500001 | G13: 0.18 | H13: 104200 | I13: 0 | J13: 0 | K13: 0 | M13: 104200 | O13: 0
A14: HSV | B14: *027055-0780-3* | C14: 027055-0780-3 | D14: SPRING WASHER | E14: 2.7x5.5x0.7T | F14: P15400001 | G14: 0.08 | H14: 244798 | I14: 0 | J14: 167000 | K14: 0 | M14: 77798 | O14: 0
A15: HSV | B15: *027060-0600-2F* | C15: 027060-0600-2F | D15: PLAIN WASHER | E15: 2.7x6.0x0.6T | F15: P15500002 | G15: 0.07 | H15: 81298 | I15: 200000 | J15: 167000 | K15: 0 | M15: 114298 | O15: 0
A16: BRSG | B16: *030030-Z54B-H* | C16: 030030-Z54B-H | D16: LOWHEADBOLTSOCKET M3 | E16: M3*3 | F16: 4350260 | G16: 0.36 | H16: 10000 | I16: 0 | J16: 0 | K16: 0 | M16: 10000 | O16: 0
A17: HANM | B17: *030040-B51N-S* | C17: 030040-B51N-S | D17: BH M/S SE | E17: 3x4 | F17: 1000260 | G17: 0.45 | H17: 10000 | I17: 0 | J17: 0 | K17: 0 | M17: 10000 | O17: 920000
A18: HANM | B18: *030040-C51N* | C18: 030040-C51N | D18: PH/W M/S | E18: 3x4 | F18: 1000260 | G18: 0.54 | H18: 185000 | I18: 0 | J18: 0 | K18: 0 | M18: 185000 | O18: 20905000
A19: HANM | B19: *030040-P51N* | C19: 030040-P51N | D19: PH M/S | E19: 3x4 | F19: 1000260 | G19: 0.4 | H19: 17000 | I19: 0 | J19: 0 | K19: 0 | M19: 17000 | O19: 1394000
A20: NAMI | B20: *030045-B62W-Z* | C20: 030045-B62W-Z | D20: BH T/S-2(NO CUTTING) | E20: 3x4.5 | F20: 1850246 | G20: 0.45 | H20: 596739 | I20: 0 | J20: 0 | K20: 0 | M20: 596739 | O20: 26853255
A21: NAMI | B21: *030045-CB2W* | C21: 030045-CB2W | D21: PH/W TTS-B | E21: 3x4.5 | F21: 1850246 | G21: 0.67 | H21: 440000 | I21: 0 | J21: 100000 | K21: 0 | M21: 340000 | O21: 0
A22: NAMI | B22: *030046-B62W* | C22: 030046-B62W | D22: BH T/S-2(NO CUTTING) | E22: 3x4.6 | F22: 1850246 | G22: 0.55 | H22: 220000 | I22: 0 | J22: 0 | K22: 0 | M22: 220000 | O22: 0
A23: SEHC | B23: *030050-P52W-3N* | C23: 030050-P52W-3N | D23: PH M/S S/W | E23: M3x5 | F23: 1850260 | G23: 0.53 | H23: 446492 | I23: 0 | J23: 75860 | K23: 0 | M23: 370632 | O23: 0
A24: LGS | B24: *030055-ZM2W-DS* | C24: 030055-ZM2W-DS | D24: VH/W SE M/S STEP | E24: 3x5.5 | F24: 1850260 | G24: 0.67 | H24: 7500 | I24: 0 | J24: 0 | K24: 0 | M24: 7500 | O24: 0
A25: VEST | B25: *030060-B54W-ASZ* | C25: 030060-B54W-ASZ | D25: BH(LARGE-ISO)SE M/S | E25: M3*6 | F25: 4350260 | G25: 0.62 | H25: 2250000 | I25: 0 | J25: 0 | K25: 0 | M25: 2250000 | O25: 0
A26: BISG | B26: *030060-B59B-MQ* | C26: 030060-B59B-MQ | D26: BH ± M/S | E26: 3x6 | F26: 1200260 | G26: 0.55 | H26: 480000 | I26: 0 | J26: 200000 | K26: 0 | M26: 280000 | O26: 728
A27: NAMI | B27: *030060-B61W-DQ* | C27: 030060-B61W-DQ | D27: BH T/S-2(NO CUTTING) | E27: 3x6 | F27: 1000246 | G27: 0.54 | H27: 380000 | I27: 0 | J27: 300000 | K27: 0 | M27: 80000 | O27: 3680000
... A47: NAMI | B47: *030060-PB2W-AZ* | C47: 030060-PB2W-AZ | D47: PH (LARGE) TTS-B | E47: 3x6 | F47: 1850246 | G47: 0.52 | H47: 4660000 | I47: 3460000 | J47: 5000000 | K47: 0 | M47: 3120000 | O47: 121680000
A48: LGS | B48: *030060-V22W* | C48: 030060-V22W | D48: VH T/S-2S | F48: 1850246 | G48: 0.55 | H48: 40000 | I48: 0 | J48: 0 | K48: 0 | M48: 40000 | O48: 0
A49: PAWM | B49: *030080-B22W* | C49: 030080-B22W | D49: BH T/S - 2S | E49: 3x8 | F49: 1850246 | G49: 0.6 | H49: 305000 | I49: 0 | J49: 0 | K49: 0 | M49: 305000 | O49: 0
A50: BISG | B50: *030080-BB2B* | C50: 030080-BB2B | D50: BH TTS-B | E50: 3x8 | F50: 1850246 | G50: 0.58 | H50: 125000 | I50: 0 | J50: 0 | K50: 0 | M50: 125000 | O50: 375
A51: HANM | B51: *030080-BB2N* | C51: 030080-BB2N | D51: BH TTS-B | E51: 3x8 | F51: 1850246 | G51: 0.57 | H51: 170000 | I51: 0 | J51: 0 | K51: 0 | M51: 170000 | O51: 19210000
A52: SHARP | B52: *030080-CP5W* | C52: 030080-CP5W | D52: PH/W TTS-P (STS430) | E52: 3x8 | F52: 4300246 | G52: 0.68 | H52: 5000 | I52: 50000 | J52: 5000 | K52: 0 | M52: 50000 | O52: 0
A53: FRIW | B53: *030080-J52N* | C53: 030080-J52N | D53: FH(100) M/S | E53: M3x8 | F53: 1850260 | G53: 0.43 | H53: 0 | I53: 300000 | J53: 108000 | K53: 0 | M53: 192000 | O53: 0
A54: LGS | B54: *030080-J621* | C54: 030080-J621 | D54: FH T/S-2(NO CUTTING) | E54: 3x8 | F54: 1850246 | G54: 0.45 | H54: 295000 | I54: 0 | J54: 120000 | K54: 0 | M54: 175000 | O54: 10500000
A55: NAMI | B55: *030080-J62B* | C55: 030080-J62B | D55: FH T/S-2(NO CUTTING) | E55: 3x8 | F55: 1850246 | G55: 0.45 | H55: 65000 | I55: 0 | J55: 0 | K55: 0 | M55: 65000 | O55: 0
A56: NAMI | B56: *030080-J62N* | C56: 030080-J62N | D56: FH T/S-2(NO CUTTING) | E56: 3x8 | F56: 1850246 | G56: 0.44 | H56: 80000 | I56: 0 | J56: 0 | K56: 0 | M56: 80000 | O56: 0
A57: LGS | B57: *030080-JB2B* | C57: 030080-JB2B | D57: FH TTS-B | E57: 3*8 | F57: 1850246 | G57: 0.36 | H57: 415000 | I57: 0 | J57: 90000 | K57: 0 | M57: 325000 | O57: 0
A58: SHARP | B58: *030080-JP2B* | C58: 030080-JP2B | D58: FH TTS-P | E58: 3*8 | F58: 1850246 | G58: 0.43 | H58: 23366 | I58: 0 | J58: 0 | K58: 0 | M58: 23366 | O58: 0
A59: SHARP | B59: *030080-JP2W* | C59: 030080-JP2W | D59: FH TTS-P | E59: 3x8 | F59: 1850246 | G59: 0.38 | H59: 31711 | I59: 0 | J59: 0 | K59: 0 | M59: 31711 | O59: 0
A60: SEHC | B60: *030080-P22W* | C60: 030080-P22W | D60: PH T/S-2S | E60: 3*8 | F60: 1850246 | G60: 0.5 | H60: 810000 | I60: 0 | J60: 411000 | K60: 0 | M60: 399000 | O60: 15162000
... A128: INUS | B128: *030270-T62W-AD* | C128: 030270-T62W-AD | D128: TH(LARGE)T/S-2NO CT | E128: 3*27 | F128: 1850382 | G128: 2.3 | H128: 10000 | I128: 0 | J128: 0 | K128: 0 | M128: 10000 | O128: 0
A129: ELEN | B129: *033060-056H-2F* | C129: 033060-056H-2F | D129: PLAIN WASHER | E129: 3.3x6.0x0.5T | F129: P15900001 | G129: 0.07 | H129: 6160 | I129: 0 | J129: 0 | K129: 0 | M129: 6160 | O129: 671440
A130: HSV | B130: *033085-0600-1* | C130: 033085-0600-1 | D130: TOOTH WASHER | E130: 3.3x8.5x0.6T | F130: P16100001 | G130: 0.17 | H130: 2614608 | I130: 2000000 | J130: 644000 | K130: 0 | M130: 3970608 | O130: 0
A131: HSV | B131: *033140-0800-2F* | C131: 033140-0800-2F | D131: PLAIN WASHER | E131: 3.3x14.0x0.8T | F131: P5500003 | G131: 0.86 | H131: 286047 | I131: 0 | J131: 0 | K131: 0 | M131: 286047 | O131: 0
A132: HSV | B132: *033160-1000-2F* | C132: 033160-1000-2F | D132: PLAIN WASHER | E132: 3.3*16.0*1.0T | F132: P16700006 | G132: 1.4 | H132: 0 | I132: 200000 | J132: 189000 | K132: 0 | M132: 11000 | O132: 0
A133: HSV | B133: *034070-1050-2F* | C133: 034070-1050-2F | D133: PLAIN WASHER | E133: 3.4x7.0x1.0T | F133: P15700001 | G133: 0.21 | H133: 42857 | I133: 0 | J133: 0 | K133: 0 | M133: 42857 | O133: 0
A134: HSV | B134: *034160-0850-2F* | C134: 034160-0850-2F | D134: PLAIN WASHER | E134: 3.4x16.0x0.8T | F134: P15700002 | G134: 1.09 | H134: 5000 | I134: 0 | J134: 0 | K134: 0 | M134: 5000 | O134: 0
A135: HSV | B135: *036070-1060-3* | C135: 036070-1060-3 | D135: SPRING WASHER | E135: 3.6*7.0*1.0T | F135: P15900006 | G135: 0.23 | H135: 108000 | I135: 0 | J135: 0 | K135: 0 | M135: 108000 | O135: 0
A136: HSV | B136: *036070-1070-3* | C136: 036070-1070-3 | D136: SPRING WASHER | E136: 3.6x7.0x1.0T | F136: P16300001 | G136: 0.2 | H136: 107000 | I136: 0 | J136: 0 | K136: 0 | M136: 107000 | O136: 0
A137: HSV | B137: *036070-1080-3* | C137: 036070-1080-3 | D137: SPRING WASHER | E137: 3.6x7.0x1.0T | F137: P15400002 | G137: 0.18 | H137: 378497 | I137: 400000 | J137: 531300 | K137: 0 | M137: 247197 | O137: 0
A138: HSV | B138: *036080-0800-2F* | C138: 036080-0800-2F | D138: PLAIN WASHER | E138: 3.6x8.0x0.8T | F138: P5500003 | G138: 0.23 | H138: 104087 | I138: 100000 | J138: 0 | K138: 0 | M138: 204087 | O138: 0
A139: HSV | B139: *036085-0600-1* | C139: 036085-0600-1 | D139: TOOTH WASHER | E139: 3.6x8.5x0.6T | F139: P16100001 | G139: 0.16 | H139: 3237000 | I139: 0 | J139: 0 | K139: 0 | M139: 3237000 | O139: 0
A140: HSV | B140: *037085-0600-1* | C140: 037085-0600-1 | D140: TOOTH WASHER | E140: 3.7x8.5x0.6T | F140: P16100001 | G140: 0.15 | H140: 4794000 | I140: 0 | J140: 0 | K140: 0 | M140: 4794000 | O140: 0
... A142: HSV | B142: *037100-1050-5F* | C142: 037100-1050-5F | D142: PVC WASHER | E142: 3.7x10.0x1.0T | F142: P19910001 | G142: 0.07 | H142: 75000 | I142: 0 | J142: 0 | K142: 0 | M142: 75000 | O142: 0
A143: HANM | B143: *040040-P51N* | C143: 040040-P51N | D143: PH M/S | E143: 4x4 | F143: 1000345 | G143: 0.83 | H143: 170000 | I143: 0 | J143: 0 | K143: 0 | M143: 170000 | O143: 0
A144: PAFAN | B144: *040040-U52W-PN* | C144: 040040-U52W-PN | D144: HEX(UP) M/S | E144: M4x4 | F144: 1850345 | G144: 1 | H144: 1 | I144: 0 | J144: 0 | K144: 0 | M144: 1 | O144: 0
A145: BISG | B145: *040041-Y52W-T* | C145: 040041-Y52W-T | D145: SCREW (M4) | E145: M4*4.1 | F145: 1850348 | G145: 0.57 | H145: 120000 | I145: 0 | J145: 30000 | K145: 0 | M145: 90000 | O145: 0
A146: SEHC | B146: *040045-PS2W* | C146: 040045-PS2W | D146: PH TTS-S | E146: M4*4.5 | F146: 1850355 | G146: 0.84 | H146: 232000 | I146: 0 | J146: 4000 | K146: 0 | M146: 228000 | O146: 46512000
A147: AQAC | B147: *040050-T5EW-S* | C147: 040050-T5EW-S | D147: TH M/S SE | E147: M4x5 | F147: 2200348 | G147: 1.41 | H147: 30000 | I147: 82000 | J147: 20000 | K147: 0 | M147: 92000 | O147: 0
A148: AQAC | B148: *040060-B22W-A* | C148: 040060-B22W-A | D148: BH(LARGE) T/S-2S | E148: 4x6 | F148: 1850320 | G148: 1.74 | H148: 4000 | I148: 0 | J148: 0 | K148: 0 | M148: 4000 | O148: 344000
A149: NAMI | B149: *040060-B56H-D* | C149: 040060-B56H-D | D149: BH M/S STEP | E149: 4x6 | F149: 3020467 | G149: 1.26 | H149: 90000 | I149: 0 | J149: 0 | K149: 0 | M149: 90000 | O149: 26910000
A150: RNVN | B150: *040060-F56H-P* | C150: 040060-F56H-P | D150: FL+BOLT M/S (STS304) | E150: 4x6 | F150: 3020345 | G150: 1.33 | H150: 94000 | I150: 0 | J150: 0 | K150: 0 | M150: 94000 | O150: 20586000
A151: HANM | B151: *040060-P51N-4* | C151: 040060-P51N-4 | D151: PH M/S S,P/W | E151: 4x6 | F151: 1000345 | G151: 1.4 | H151: 79000 | I151: 0 | J151: 0 | K151: 0 | M151: 79000 | O151: 0
A152: RNVN | B152: *040060-P51W* | C152: 040060-P51W | D152: PH M/S | E152: 4x6 | F152: 1000345 | G152: 0.96 | H152: 4000 | I152: 0 | J152: 0 | K152: 0 | M152: 4000 | O152: 240000
A153: RNVN | B153: *040060-P51W-3* | C153: 040060-P51W-3 | D153: PH M/S S/W | E153: 4x6 | F153: 1000345 | G153: 1.16 | H153: 44000 | I153: 0 | J153: 0 | K153: 0 | M153: 44000 | O153: 4180000
A154: INUS | B154: *040060-P57H-3* | C154: 040060-P57H-3 | D154: PH M/S S/W | E154: 4*6 | F154: 2700345 | G154: 1.22 | H154: 124000 | I154: 0 | J154: 0 | K154: 0 | M154: 124000 | O154: 61008000
... A157: NAMI | B157: *040065-TS2N* | C157: 040065-TS2N | D157: SPECIAL TH TTS-S | E157: M4x6.5 | F157: 1850355 | G157: 0.94 | H157: 136000 | I157: 0 | J157: 0 | K157: 0 | M157: 136000 | O157: 0
A158: INUS | B158: *040080-B65G* | C158: 040080-B65G | D158: BH T/S-2(NO CT)(STS) | F158: 4300320 | G158: 1.16 | H158: 8000 | I158: 0 | J158: 0 | K158: 0 | M158: 8000 | O158: 0
A159: TBVN | B159: *040080-J56H-B* | C159: 040080-J56H-B | D159: FH M/S (STS304) | E159: M4*8 | F159: 3020345 | G159: 0.67 | H159: 62000 | I159: 0 | J159: 0 | K159: 0 | M159: 62000 | O159: 0
A160: VEST | B160: *040080-KY4W-BZ* | C160: 040080-KY4W-BZ | D160: TH/W(SMALLISO)T/S-PT | E160: 4*8 | F160: 4350293 | G160: 1.05 | H160: 236000 | I160: 0 | J160: 50000 | K160: 0 | M160: 186000 | O160: 0
A161: SEHC | B161: *040080-P22W* | C161: 040080-P22W | D161: PH T/S-2S | E161: 4*8 | F161: 1850320 | G161: 0.98 | H161: 252000 | I161: 436000 | J161: 436000 | K161: 0 | M161: 252000 | O161: 19152000
A162: HANM | B162: *040080-P51N-4* | C162: 040080-P51N-4 | D162: PH M/S S,P/W | E162: 4x8 | F162: 1000345 | G162: 1.53 | H162: 168000 | I162: 0 | J162: 0 | K162: 0 | M162: 168000 | O162: 50232000
A163: TIGE | B163: *040080-P51W-3* | C163: 040080-P51W-3 | D163: PH M/S S/W | E163: M4x8 | F163: 1000345 | G163: 1.02 | H163: 28000 | I163: 0 | J163: 0 | K163: 0 | M163: 28000 | O163: 0
A164: DKSS | B164: *040080-P61W* | C164: 040080-P61W | D164: PH T/S-2(NO CUTTING) | E164: 4x8 | F164: 1000320 | G164: 1.01 | H164: 8000 | I164: 0 | J164: 0 | K164: 0 | M164: 8000 | O164: 544000
A165: DYEV | B165: *040080-P62G* | C165: 040080-P62G | D165: PH T/S-2(NO CUTTING) | E165: 4x8 | F165: 1850320 | G165: 1.01 | H165: 44000 | I165: 0 | J165: 0 | K165: 0 | M165: 44000 | O165: 3740000
A166: RNVN | B166: *040080-P62W-1* | C166: 040080-P62W-1 | D166: PH T/S-2 T/W | E166: 4*8 | F166: 1850320 | G166: 1.02 | H166: 62000 | I166: 0 | J166: 0 | K166: 0 | M166: 62000 | O166: 11966000
A167: INUS | B167: *040080-PB2W* | C167: 040080-PB2W | D167: PH TTS-B | E167: 4x8 | F167: 1850330 | G167: 0.93 | H167: 140000 | I167: 0 | J167: 0 | K167: 0 | M167: 140000 | O167: 0
A168: TBVN | B168: *040080-PC2W-1R* | C168: 040080-PC2W-1R | D168: PH TTS-C T/W | E168: 4x8 | F168: 1850345 | G168: 1.16 | H168: 14000 | I168: 0 | J168: 0 | K168: 0 | M168: 14000 | O168: 2016000
A169: LGS | B169: *040080-T22P* | C169: 040080-T22P | D169: TH(CO) T/S-2S | E169: 4x8 | F169: 1850320 | G169: 1.21 | H169: 966140 | I169: 0 | J169: 100000 | K169: 0 | M169: 866140 | O169: 0
A170: SEHC-W | B170: *040080-T22W* | C170: 040080-T22W | D170: TH T/S-2S | E170: 4x8 | F170: 1850320 | G170: 1.25 | H170: 306000 | I170: 2300000 | J170: 1662000 | K170: 0 | M170: 944000 | O170: 76464000
... A212: SHARP | B212: *040120-B62W-2* | C212: 040120-B62W-2 | D212: BH T/S-2(NO CT) P/W | E212: 4x12 | F212: 1850320 | G212: 2.32 | H212: 316000 | I212: 0 | J212: 112000 | K212: 0 | M212: 204000 | O212: 48552000
A213: INUS | B213: *040120-B65G* | C213: 040120-B65G | D213: BH T/S-2(NO CT)(STS) | F213: 4300320 | G213: 1.41 | H213: 21000 | I213: 0 | J213: 0 | K213: 0 | M213: 21000 | O213: 0
A214: DYEV | B214: *040120-B66H* | C214: 040120-B66H | D214: BH T/S-2(NO CUTTING) | E214: 4x12 | F214: 3020320 | G214: 1.44 | H214: 190000 | I214: 0 | J214: 0 | K214: 0 | M214: 190000 | O214: 43890000
A215: LGS | B215: *040120-B66H-BZ* | C215: 040120-B66H-BZ | D215: BH (SPE) T/S-2 NO CT | E215: 4x12 | F215: 3020320 | G215: 1.06 | H215: 0 | I215: 159000 | J215: 0 | K215: 0 | M215: 159000 | O215: 0
A216: VEST | B216: *040120-C54W-Z* | C216: 040120-C54W-Z | D216: PH/W (ISO) M/S | E216: M4*12 | F216: 4350345 | G216: 1.8 | H216: 71000 | I216: 0 | J216: 26000 | K216: 0 | M216: 45000 | O216: 0
A217: SEHC | B217: *040120-F62Z-5P* | C217: 040120-F62Z-5P | D217: FL+T/S-2 PVC/W | E217: 4*12 | F217: 1850320 | G217: 2.11 | H217: 100000 | I217: 47000 | J217: 41000 | K217: 0 | M217: 106000 | O217: 0
A218: SEHC | B218: *040120-J16H* | C218: 040120-J16H | D218: FH T/S-1(STS304) | E218: 4*12 | F218: 3020328 | G218: 0.97 | H218: 396000 | I218: 0 | J218: 123000 | K218: 0 | M218: 273000 | O218: 52143000
A219: AQRE | B219: *040120-J42B* | C219: 040120-J42B | D219: SCR TPG FLT 4*12T1BL | E219: 4*12 | F219: 1850320 | G219: 0.91 | H219: 44000 | I219: 0 | J219: 0 | K219: 0 | M219: 44000 | O219: 3652000
A220: AQRE | B220: *040120-J42W* | C220: 040120-J42W | D220: SCR TPG FLT 4*12 T1 | E220: 4*12 | F220: 1850320 | G220: 0.9 | H220: 4000 | I220: 0 | J220: 0 | K220: 0 | M220: 4000 | O220: 260000
A221: SEHC | B221: *040120-J56H* | C221: 040120-J56H | D221: FH M/S(304CU) | E221: 4*12 | F221: 3020345 | G221: 1.22 | H221: 76000 | I221: 0 | J221: 0 | K221: 0 | M221: 76000 | O221: 15352000
A222: SEHC | B222: *040120-K15H* | C222: 040120-K15H | D222: TH/W T/S-1(STS430) | E222: 4*12 | F222: 4300325 | G222: 1.56 | H222: 755589 | I222: 0 | J222: 90000 | K222: 0 | M222: 665589 | O222: 152419881
A223: SEHC-W | B223: *040120-K15H-2* | C223: 040120-K15H-2 | D223: TH/W T/S-1 P/W | E223: 4x12 | F223: 4300325 | G223: 1.65 | H223: 58000 | I223: 0 | J223: 0 | K223: 0 | M223: 58000 | O223: 0
A224: VEST | B224: *040120-K54B-DZ* | C224: 040120-K54B-DZ | D224: TH/W(ISO) M/S STEP | E224: M4*12 | F224: 4350390 | G224: 1.98 | H224: 595000 | I224: 0 | J224: 40000 | K224: 0 | M224: 555000 | O224: 0
A225: AQRE | B225: *040120-P12W* | C225: 040120-P12W | D225: SCR TPG PAN 4*12 T1 | E225: 4*12 | F225: 1850325 | G225: 1.5 | H225: 88000 | I225: 0 | J225: 0 | K225: 0 | M225: 88000 | O225: 8096000
... A267: TBVN | B267: *040160-T12W-2* | C267: 040160-T12W-2 | D267: TH T/S-1 P/W | E267: 4x16 | F267: 1850325 | G267: 2.6 | H267: 18000 | I267: 0 | J267: 10000 | K267: 0 | M267: 8000 | O267: 2032000
A268: SEHC | B268: *040160-T12W-2A* | C268: 040160-T12W-2A | D268: TH T/S-1 (P/WØ15) | F268: 1850325 | G268: 1.86 | H268: 925 | I268: 0 | J268: 0 | K268: 0 | M268: 925 | O268: 0
A269: HSBK | B269: *040160-T12W-6* | C269: 040160-T12W-6 | D269: ASSY SCREW F/W | E269: 4x16 | F269: 1850325 | G269: 2.39 | H269: 2000 | I269: 0 | J269: 0 | K269: 0 | M269: 2000 | O269: 26
A270: AQWM | B270: *040160-T15H* | C270: 040160-T15H | D270: TH T/S-1 | E270: 4*16 | F270: 4300325 | G270: 1.72 | H270: 9000 | I270: 136000 | J270: 20000 | K270: 0 | M270: 125000 | O270: 0
A271: PAREF | B271: *040160-T16H-Z* | C271: 040160-T16H-Z | D271: TH T/S-1 (SUS304) | E271: 4x16 | F271: 3020325 | G271: 1.79 | H271: 76000 | I271: 0 | J271: 30000 | K271: 0 | M271: 46000 | O271: 0
...

Sheet NVL Stock
A1: NO | B1: Code | C1: Material | D1: Size (Ø) | E1: SL c?n(A) | F1: Pending(B) | G1: Main Stock(C) | H1: Line Stock(D) | I1: RMA Stock(E) | J1: Total Stock(C+D+E) | K1: Available(C+D) | L1: C?n mua(A-(B+C+D)) | N1: Loại NVL | O1: Stock
A2: 1 | B2: 1000169 | C2: S10A HD | D2: 1.69 | E2: 0 | F2: 0 | G2: 114 | H2: 0 | I2: 0 | J2: 114 | K2: 114 | L2: -114 | N2: =C2&D2 -> S10A HD1.69 | O2: =J2 -> 114
A3: 2 | B3: 1000215 | C3: S10A HD | D3: 2.15 | E3: 0 | F3: 0 | G3: 7 | H3: 0 | I3: 0 | J3: 7 | K3: 7 | L3: -7 | N3: =C3&D3 -> S10A HD2.15 | O3: =J3 -> 7
A4: 3 | B4: 1000218 | C4: S10A HD | D4: 2.18 | E4: 0 | F4: 0 | G4: 100 | H4: 0 | I4: 0 | J4: 100 | K4: 100 | L4: -100 | N4: =C4&D4 -> S10A HD2.18 | O4: =J4 -> 100
A5: 4 | B5: 1000225 | C5: S10A HD | D5: 2.25 | E5: 0 | F5: 0 | G5: 10 | H5: 0 | I5: 0 | J5: 10 | K5: 10 | L5: -10 | N5: =C5&D5 -> S10A HD2.25 | O5: =J5 -> 10
A6: 5 | B6: 1000246 | C6: S10A HD | D6: 2.46 | E6: 178 | F6: 0 | G6: 1142 | H6: 0 | I6: 0 | J6: 1142 | K6: 1142 | L6: -964 | N6: =C6&D6 -> S10A HD2.46 | O6: =J6 -> 1142
A7: 6 | B7: 1000260 | C7: S10A HD | D7: 2.6 | E7: 0 | F7: 0 | G7: 330 | H7: 0 | I7: 0 | J7: 330 | K7: 330 | L7: -330 | N7: =C7&D7 -> S10A HD2.6 | O7: =J7 -> 330
A8: 7 | B8: 1000295 | C8: S10A HD | D8: 2.95 | E8: 0 | F8: 0 | G8: 5 | H8: 0 | I8: 0 | J8: 5 | K8: 5 | L8: -5 | N8: =C8&D8 -> S10A HD2.95 | O8: =J8 -> 5
A9: 8 | B9: 1000300 | C9: S10A HD | D9: 3 | E9: 0 | F9: 0 | G9: 18 | H9: 0 | I9: 0 | J9: 18 | K9: 18 | L9: -18 | N9: =C9&D9 -> S10A HD3 | O9: =J9 -> 18
A10: 9 | B10: 1000320 | C10: S10A HD | D10: 3.2 | E10: 0 | F10: 0 | G10: 631 | H10: 0 | I10: 0 | J10: 631 | K10: 631 | L10: -631 | N10: =C10&D10 -> S10A HD3.2 | O10: =J10 -> 631
A11: 10 | B11: 1000325 | C11: S10A HD | D11: 3.25 | E11: 0 | F11: 0 | G11: 249 | H11: 0 | I11: 0 | J11: 249 | K11: 249 | L11: -249 | N11: =C11&D11 -> S10A HD3.25 | O11: =J11 -> 249
A12: 11 | B12: 1000345 | C12: S10A HD | D12: 3.45 | E12: 214 | F12: 0 | G12: 700 | H12: 37 | I12: 0 | J12: 737 | K12: 737 | L12: -523 | N12: =C12&D12 -> S10A HD3.45 | O12: =J12 -> 737
A13: 12 | B13: 1000355 | C13: S10A HD | D13: 3.55 | E13: 0 | F13: 0 | G13: 0 | H13: 0 | I13: 0 | J13: 0 | K13: 0 | L13: 0 | N13: =C13&D13 -> S10A HD3.55 | O13: =J13 -> 0
... A35: 34 | B35: 1001220 | C35: S10A HD | D35: 12.2 | E35: 3443 | F35: 0 | G35: 0 | H35: 0 | I35: 0 | J35: 0 | K35: 0 | L35: 3443 | N35: =C35&D35 -> S10A HD12.2 | O35: =J35 -> 0
A36: 35 | B36: 010B210215 | C36: 10B21 SAIP (F) | D36: 2.15 | E36: 0 | F36: 0 | G36: 40 | H36: 0 | I36: 0 | J36: 40 | K36: 40 | L36: -40 | N36: =C36&D36 -> 10B21 SAIP (F)2.15 | O36: =J36 -> 40
A37: 36 | B37: 010B330545 | C37: 10B33 PASAIP (F) | D37: 5.45 | E37: 0 | F37: 0 | G37: 124 | H37: 0 | I37: 0 | J37: 124 | K37: 124 | L37: -124 | N37: =C37&D37 -> 10B33 PASAIP (F)5.45 | O37: =J37 -> 124
A38: 37 | B38: 1200260 | C38: S12A HD | D38: 2.6 | E38: 183 | F38: 0 | G38: 204 | H38: 376 | I38: 0 | J38: 580 | K38: 580 | L38: -397 | N38: =C38&D38 -> S12A HD2.6 | O38: =J38 -> 580
A39: 38 | B39: 1200345 | C39: S12A HD | D39: 3.45 | E39: 0 | F39: 0 | G39: 0 | H39: 0 | I39: 0 | J39: 0 | K39: 0 | L39: 0 | N39: =C39&D39 -> S12A HD3.45 | O39: =J39 -> 0
A40: 39 | B40: 1650320 | C40: S16A SAIP (F) | D40: 3.2 | E40: 117 | F40: 200 | G40: 18 | H40: 0 | I40: 0 | J40: 18 | K40: 18 | L40: -101 | N40: =C40&D40 -> S16A SAIP (F)3.2 | O40: =J40 -> 18
A41: 40 | B41: 1650395 | C41: S16A SAIP | D41: 3.95 | E41: 0 | F41: 0 | G41: 0 | H41: 0 | I41: 0 | J41: 0 | K41: 0 | L41: 0 | N41: =C41&D41 -> S16A SAIP3.95 | O41: =J41 -> 0
A42: 41 | B42: 1650436 | C42: S16A SAIP | D42: 4.36 | E42: 0 | F42: 0 | G42: 17 | H42: 0 | I42: 0 | J42: 17 | K42: 17 | L42: -17 | N42: =C42&D42 -> S16A SAIP4.36 | O42: =J42 -> 17
A43: 42 | B43: 1660395 | C43: S16A SAIP (Y) | D43: 3.95 | E43: 541 | F43: 0 | G43: 1020 | H43: 0 | I43: 0 | J43: 1020 | K43: 1020 | L43: -479 | N43: =C43&D43 -> S16A SAIP (Y)3.95 | O43: =J43 -> 1020
A44: 43 | B44: 1810171 | C44: S18A SAIP | D44: 1.71 | E44: 0 | F44: 0 | G44: 0 | H44: 0 | I44: 0 | J44: 0 | K44: 0 | L44: 0 | N44: =C44&D44 -> S18A SAIP1.71 | O44: =J44 -> 0
A45: 44 | B45: 1810320 | C45: S18A SAIP | D45: 3.2 | E45: 0 | F45: 0 | G45: 0 | H45: 0 | I45: 0 | J45: 0 | K45: 0 | L45: 0 | N45: =C45&D45 -> S18A SAIP3.2 | O45: =J45 -> 0
A46: 45 | B46: 1810630 | C46: S18A HD | D46: 6.3 | E46: 0 | F46: 0 | G46: 0 | H46: 0 | I46: 0 | J46: 0 | K46: 0 | L46: 0 | N46: =C46&D46 -> S18A HD6.3 | O46: =J46 -> 0
A47: 46 | B47: 1810675 | C47: S18A SAIP | D47: 6.75 | E47: 0 | F47: 0 | G47: 0 | H47: 0 | I47: 0 | J47: 0 | K47: 0 | L47: 0 | N47: =C47&D47 -> S18A SAIP6.75 | O47: =J47 -> 0
A48: 47 | B48: 1820545 | C48: S18A (S)AIP | D48: 5.45 | E48: 0 | F48: 0 | G48: 0 | H48: 0 | I48: 0 | J48: 0 | K48: 0 | L48: 0 | N48: =C48&D48 -> S18A (S)AIP5.45 | O48: =J48 -> 0
A49: 48 | B49: 1820630 | C49: S18A (S)AIP | D49: 6.3 | E49: 0 | F49: 0 | G49: 0 | H49: 0 | I49: 0 | J49: 0 | K49: 0 | L49: 0 | N49: =C49&D49 -> S18A (S)AIP6.3 | O49: =J49 -> 0
... A189: 188 | B189: 810302 | C189: S8A (S)AIP | D189: 3.02 | E189: 0 | F189: 0 | G189: 19 | H189: 0 | I189: 0 | J189: 19 | K189: 19 | L189: -19 | N189: =C189&D189 -> S8A (S)AIP3.02 | O189: =J189 -> 19
A190: 189 | B190: MTV 7114-1 | C190: D?u tectyl MTV 7114-1 | D190: Ph? gia tan b?t | E190: 0 | F190: 0 | G190: 20 | H190: 0 | I190: 0 | J190: 20 | K190: 20 | L190: -20 | N190: =C190&D190 -> D?u tectyl MTV 7114-1Ph? gia tan b?t | O190: =J190 -> 20
A191: 190 | B191: P0001 | C191: STS304 | D191: 0 | E191: 0 | F191: 0 | G191: 0 | H191: 0 | I191: 0 | J191: 0 | K191: 0 | L191: 0 | N191: =C191&D191 -> STS3040 | O191: =J191 -> 0
A192: 191 | B192: P15400008 | C192: S/W SWCH62 | D192: 0.6T | E192: 0 | F192: 0 | G192: 0 | H192: 0 | I192: 0 | J192: 0 | K192: 0 | L192: 0 | N192: =C192&D192 -> S/W SWCH620.6T | O192: =J192 -> 0
A193: 192 | B193: PVBC 20HS RL | C193: D?u VBC FINEFORM 20HS | D193: RL | E193: 0 | F193: 0 | G193: 0 | H193: 0 | I193: 0 | J193: 0 | K193: 0 | L193: 0 | N193: =C193&D193 -> D?u VBC FINEFORM 20HSRL | O193: =J193 -> 0
A194: 193 | B194: PVBC 46HS HD | C194: D?u VBC FINEFORM 46HS | D194: HD Header | E194: 0 | F194: 600 | G194: 2600 | H194: 0 | I194: 0 | J194: 2600 | K194: 2600 | L194: -3200 | N194: =C194&D194 -> D?u VBC FINEFORM 46HSHD Header | O194: =J194 -> 2600
A195: 194 | B195: TFA PL | C195: D?u tectyl form Additive | D195: Ph? gia tan b?t | E195: 0 | F195: 0 | G195: 40 | H195: 0 | I195: 0 | J195: 40 | K195: 40 | L195: -40 | N195: =C195&D195 -> D?u tectyl form AdditivePh? gia tan b?t | O195: =J195 -> 40
A196: 195 | B196: TTC012 | C196: D?u tectyl Cut 012 | E196: 0 | F196: 0 | G196: 20 | H196: 0 | I196: 0 | J196: 20 | K196: 20 | L196: -20 | N196: =C196&D196 -> D?u tectyl Cut 012 | O196: =J196 -> 20
A197: 196 | B197: TTF322N | C197: D?u tectyl form 322 | D197: RL | E197: 0 | F197: 400 | G197: 3800 | H197: 0 | I197: 0 | J197: 3800 | K197: 3800 | L197: -4200 | N197: =C197&D197 -> D?u tectyl form 322RL | O197: =J197 -> 3800
A198: 197 | B198: TTF330 | C198: D?u tectyl form RL 330 | D198: R2 & TS-1 | E198: 0 | F198: 0 | G198: 0 | H198: 0 | I198: 0 | J198: 0 | K198: 0 | L198: 0 | N198: =C198&D198 -> D?u tectyl form RL 330R2 & TS-1 | O198: =J198 -> 0
A199: 198 | B199: TTF527V | C199: D?u tectyl form 527V | D199: HD Former | E199: 0 | F199: 2000 | G199: 1400 | H199: 0 | I199: 0 | J199: 1400 | K199: 1400 | L199: -3400 | N199: =C199&D199 -> D?u tectyl form 527VHD Former | O199: =J199 -> 1400
A200: 199 | B200: TTF68A | C200: D?u tectyl WL 68A | D200: Ch?ng xu?c NVL | E200: 0 | F200: 0 | G200: 20 | H200: 0 | I200: 0 | J200: 20 | K200: 20 | L200: -20 | N200: =C200&D200 -> D?u tectyl WL 68ACh?ng xu?c NVL | O200: =J200 -> 20
N201: =C201&D201 | O201: =J201 -> 0
N202: =C202&D202 | O202: =J202 -> 0
N203: =C203&D203 | O203: =J203 -> 0
N204: =C204&D204 | O204: =J204 -> 0
N205: =C205&D205 | O205: =J205 -> 0
N206: =C206&D206 | O206: =J206 -> 0
N207: =C207&D207 | O207: =J207 -> 0
N208: =C208&D208 | O208: =J208 -> 0
N209: =C209&D209 | O209: =J209 -> 0
N210: =C210&D210 | O210: =J210 -> 0
N211: =C211&D211 | O211: =J211 -> 0
N212: =C212&D212 | O212: =J212 -> 0
... N444: =C444&D444 | O444: =J444 -> 0

Sheet FILE MẪU (3)
P1: Phụ Trách | Q1: Kiểm tra | R1: Phê Duyệt
A3: =TODAY() -> 46130
C5: KẾ HOẠCH SẢN XUẤT HÀNG NGÀY | Q5: Mã tài liệu | R5: Q401-2
Q6: Ngày ban hành | R6: 2019.09.20
Q7: Lần ban hành | R7: 03
A8: STT | B8: SỐ CHỈ THỊ THƯ | C8: TÊN SẢN XUẤT | D8: TÊN SẢN PHẨM | E8: QUY CÁCH | F8: NGUYÊN VẬT LIỆU | G8: SIZE | H8: SỐ MÁY | I8: SỐ LƯỢNG ĐẶT HÀNG | J8: SẢN XUẤT THỰC TẾ | K8: SẢN LƯỢNG CÒN LẠI | L8: Slượng hàng ngày | N8: SẢN LƯỢNG DỰ KIẾN | O8: SẢN LƯỢNG ĐẠT ĐƯỢC | P8: TỶ LỆ ĐẠT ĐƯỢC | Q8: NGÀY CÀI ĐẶT ( DỰ KIẾN) | R8: GHI CHÚ
L9: 8H | M9: 10H30'
A10: 1 | B10: 008-107 | C10: 101443-F14W-AB | D10: BOLT FIXER | E10: 10.*144.3 | F10: SCM435 PASAIP | G10: 9.3 | H10: 1 | I10: 300000 | J10: 249000 | K10: =I10-J10 -> 51000
A11: 2 | B11: 010-068 | C11: 100550-YM1W-Z | D11: LEG BOLT | E11: 10*55 | F11: S10A HD | G11: 12.2 | I11: 200000 | J11: 123000 | K11: =I11-J11 -> 77000 | O11: 23000
A12: 3 | B12: 008-108 | C12: 120300-UM1A-4AC | D12: HEX(UP)S,P/W (Ø 38) | E12: 12*30 | F12: S10A HD | G12: 10.72 | H12: 2 | I12: 200000 | J12: 186000 | K12: =I12-J12 -> 14000
A13: 4 | B13: 010-070 | C13: 120150-ZE1W-C | D13: DOWER PIN | E13: 12*15 | F13: S10A HD | G13: 11.9 | I13: 10000 | J13: 0 | K13: =I13-J13 -> 10000
A14: 5 | B14: 010-086 | C14: 080260-U51W-D | D14: Ði?u ch?nhchân BOLT | E14: 8.26 | F14: S10A HD | G14: 7.8 | I14: 100000 | J14: 93000 | K14: =I14-J14 -> 7000
A15: 6 | B15: 009-070 | C15: 080660-U51A-2D | D15: BOLT DAMPER P/W | E15: 8*66 | F15: S10A HD | G15: 9.96 | I15: 100000 | J15: 75500 | K15: =I15-J15 -> 24500 | O15: 25000
A16: 7 | B16: 010-087 | C16: 080315-JM6R-DH | D16: SPIDER BOLT | E16: 8*31.5 | F16: STS304CU WSA | G16: 7.02 | H16: 3 | I16: 100000 | J16: 109400 | K16: =I16-J16 -> -9400 | O16: 28000
A17: 8 | B17: 010-099 | C17: 080315-JM6R-DH | D17: SPIDER BOLT | E17: 8*31.5 | F17: STS304CU WSA | G17: 7.02 | I17: 300000 | J17: 0 | K17: =I17-J17 -> 300000 | P17: 15.10.20
A18: 9 | B18: 008-105 | C18: 100350-F51A-D | D18: F/L BOLT Ph? m? | E18: 10*35 | F18: S10A HD | G18: 9.96 | H18: 4 | I18: 800000 | J18: 592000 | K18: =I18-J18 -> 208000 | O18: 31000
A19: 10 | B19: 006-112 | C19: 080140-ZM6L-D | D19: BOLT OF MOTOR | E19: 8*14 | F19: STS304 CU WSA (XM7) | G19: 9.8 | I19: 30000 | J19: 15000 | K19: =I19-J19 -> 15000
A20: 11 | B20: 008-094 | C20: 080620-UM1A-2A | D20: HEX BOLT P/W B=13 | E20: 8*62 | F20: S10A HD | G20: 7.05 | I20: 600000 | J20: 573000 | K20: =I20-J20 -> 27000
A21: 12 | B21: 008-064 | C21: 040900-J121-D | D21: FH T/S-1 STEP (NANO) | E21: 4*9 | F21: S18A (S)AIP | G21: 3.93 | H21: 05 | I21: 100000 | J21: 82000 | K21: =I21-J21 -> 18000
A22: 13 | B22: 008-097 | C22: 081100-F641-D | D22: FL T/S-2 STEP(2LINE) | E22: 8*110 | F22: SCM435 (S)AIP | G22: 7.05 | I22: 200000 | J22: 162000 | K22: =I22-J22 -> 38000
A23: 14 | B23: 008-086 | C23: 071245-F14W | D23: BOLT FIXER | E23: 7*124 | F23: SCM435 (S)AIP | G23: 5.45 | I23: 200000 | J23: 70000 | K23: =I23-J23 -> 130000 | P23: 14.10.20
A24: 15 | B24: 010-047 | C24: 060351-FMFW-DP | D24: FL + BOLT | E24: 6*31.5 | F24: S25K SAIP | G24: 8.78 | H24: 6 | I24: 200000 | J24: 6000 | K24: =I24-J24 -> 194000 | O24: 6000 | P24: 14.10.20
A25: 16 | B25: 008-115 | C25: 780420-F64W-2 | D25: FL T/S-2 P/W (Wait) | E25: 7.8*42 | F25: SCM435 (S)AIP | G25: 5.65 | H25: 7A | I25: 300000 | J25: 270000 | K25: =I25-J25 -> 30000 | O25: 45000
A26: 17 | B26: 009-076 | C26: 780420-F64W-2 | D26: FL T/S-2 P/W (Wait) | E26: 7.8*42 | F26: SCM435 (S)AIP | G26: 5.65 | I26: 400000 | J26: 0 | K26: =I26-J26 -> 400000 | P26: 15.10.20
A27: 18 | B27: 009-120 | C27: 070420-ZM6H-D | D27: EYE BOLT M/S STEP | E27: 7.8*42 | F27: STS304 J3S WSB | G27: 6.25 | I27: 30000 | J27: 21000 | K27: =I27-J27 -> 9000
A28: 19 | B28: 008-113 | C28: 650320-F62W-SP | D28: BASE | E28: 6.5*32 | F28: S 18A (S)AIP | G28: 5.45 | H28: 7,9A | I28: 3000000 | J28: 1720200 | K28: =I28-J28 -> 1279800 | O28: =78000+45000 -> 123000
A29: 20 | B29: 009-066 | C29: 080300-F35L-S | D29: FL M/S SE(STS430) | E29: 8*30 | F29: STS430 WSB | G29: 7.02 | H29: 8A | I29: 600000 | J29: 474500 | K29: =I29-J29 -> 125500 | O29: =6000+15000 -> 21000
A30: 21 | B30: 010-010 | C30: 030862-Z06H | D30: SHAFT HINGE | E30: 3*86.2 | F30: STS304 J3S WSA | G30: 2.95 | H30: 8 | I30: 20000 | J30: 0 | K30: =I30-J30 -> 20000
A31: 22 | B31: 008-090 | C31: 080290-FM6R-D | D31: SPIDER BOLT | E31: 8*29 | F31: STS304CU WSA | G31: 7.02 | I31: 300000 | J31: 261500 | K31: =I31-J31 -> 38500 | O31: 25000
A32: 23 | B32: 007-097 | C32: 560300-FY1W-DP | D32: FL + T/S (P.T) | E32: 5.6*30 | F32: S10A HD | G32: 6.05 | I32: 200000 | J32: 181000 | K32: =I32-J32 -> 19000
A33: 24 | B33: 010-025 | C33: 040120-Z12W-T | D33: TORX SCREW | E33: 4*12 | F33: S18A SAIP | G33: 4.67 | H33: 9 | I33: 200000 | J33: 177000 | K33: =I33-J33 -> 23000 | O33: 26000
A34: 25 | B34: 010-071 | C34: 550160-T65H | D34: TH T/S-2 (STS430) | E34: 5.5*16 | F34: STS430 WSB | G34: 4.3 | H34: 10 | I34: 500000 | J34: 488000 | K34: =I34-J34 -> 12000
A35: 26 | B35: 010-040 | C35: 050160-U62W-P | D35: HEX(UP)+BOLT T/S-2 | E35: 5*16 | F35: S18A SAIP | G35: 4.06 | I35: 200000 | J35: 89100 | K35: =I35-J35 -> 110900 | O35: 23000
A36: 27 | B36: 009-055 | C36: 060600-U34W-4 | D36: HEX(UPSET) S,P/W | E36: 6*60 | F36: SCM435 (S)AIP | G36: 5.25 | H36: 11 | I36: 500000 | J36: 243400 | K36: =I36-J36 -> 256600 | O36: 40000
A37: 28 | B37: 010-036 | C37: 050160-T12W | D37: TH T/S-1 | E37: 5*16 | F37: S18A SAIP | G37: 3.95 | H37: 12 | I37: 400000 | J37: 0 | K37: =I37-J37 -> 400000
A38: 29 | B38: 010-073 | C38: 590048-Y01W-DZ | D38: RIVET B | E38: 5.9*4.8 | F38: S10A HD | G38: 4.06 | I38: 300000 | J38: 45300 | K38: =I38-J38 -> 254700
A39: 30 | B39: 010-043 | C39: 050220-T16H | D39: SCR TPG TRS 5*22 | E39: 5*22 | F39: STS304 J3S WSA | G39: 3.95 | I39: 200000 | J39: 57600 | K39: =I39-J39 -> 142400 | O39: 43100
A40: 31 | B40: 010-035 | C40: 050160-FS2W-APZ | D40: FL + TTS-S 3P SLOT | E40: 5*16 | F40: S18A SAIP | G40: 4.36 | H40: 13 | I40: 800000 | J40: 492600 | K40: =I40-J40 -> 307400 | O40: 57800
A41: 32 | B41: 007-070 | C41: 060160-U32W-PK | D41: HEX(UPSET)M/SCUTTING | E41: 6*16 | F41: S18A SAIP | G41: 5.25 | I41: 100000 | J41: 42000 | K41: =I41-J41 -> 58000
A42: 33 | B42: 010-039 | C42: 050160-TM5R | D42: TH M/S(STS430) | E42: 5*16 | F42: STS430 WSB | G42: 4.38 | H42: 14 | I42: 300000 | J42: 248000 | K42: =I42-J42 -> 52000 | O42: 46900
A43: 34 | B43: 008-123 | C43: 040120-TP2W-S | D43: TH TTS-P SE(2line) | E43: 4*12 | F43: S18A SAIP | G43: 3.2 | H43: 24,31 | I43: 2400000 | J43: 2237000 | K43: =I43-J43 -> 163000 | O43: =124000+51000 -> 175000
A44: 35 | B44: 009-037 | C44: 040120-TP2W-S | D44: TH TTS-P SE(2line) | E44: 4*12 | F44: S18A SAIP | G44: 3.2 | I44: 1000000 | K44: =I44-J44 -> 1000000 | P44: 16.10.20
A45: 36 | B45: 010-028 | C45: 040140-T65H | D45: TH /S-2 (STS430) | E45: 4*14 | F45: STS430 WSA | G45: 3.2 | H45: 21 | I45: 400000 | J45: 336900 | K45: =I45-J45 -> 63100 | O45: 93400
A46: 37 | B46: 010-094 | C46: 040120-P12Z | D46: PH(#8) T/S-1 | E46: 4*12 | F46: S18A SAIP | G46: 3.25 | I46: 100000 | K46: =I46-J46 -> 100000 | P46: 16.10.20
A47: 38 | B47: 009-018 | C47: 030180-P211-Q | D47: PH T/S -2S | E47: 3*18 | F47: S10A HD | G47: 2.46 | H47: 22 | I47: 200000 | J47: 203800 | K47: =I47-J47 -> -3800 | O47: 15000
A48: 39 | B48: 010-104 | C48: 040080-T22W | D48: TH T/S-2S | E48: 4*8 | F48: S18A SAIP | G48: 3.2 | I48: 2800000 | J48: 47500 | K48: =I48-J48 -> 2752500 | O48: 47500
A49: 40 | B49: 009-110 | C49: 040200-J11N | D49: FH T/S-1 | E49: 4*20 | F49: S10A HD | G49: 3.25 | H49: 30 | I49: 200000 | J49: 52000 | K49: =I49-J49 -> 148000
A50: 41 | B50: 009-080 | C50: 030120-P26H | D50: PH T/S-2S(STS304) | E50: 3*12 | F50: STS304CU WSA | G50: 2.46 | I50: 800000 | J50: 733000 | K50: =I50-J50 -> 67000
A51: 42 | B51: 010-027 | C51: 040140-J12W | D51: Ð?c Thù ?c Vít | E51: 4*14 | F51: S18A SAIP | G51: 3.25 | I51: 300000 | J51: 0 | K51: =I51-J51 -> 300000 | P51: 14.10.20
A52: 43 | B52: 009-122 | C52: 040120-T16H-5 | D52: TH T/S-1 PVC/W | E52: 4*12 | F52: STS304CU WSA | G52: 3.25 | H52: 25 | I52: 50000 | J52: 8500 | K52: =I52-J52 -> 41500 | O52: 8500
A53: 44 | B53: 009-108 | C53: 040100-T16H | D53: SCR TPG TRS 4x10 | E53: 4*10 | F53: STS304CU WSA | G53: 3.25 | I53: 300000 | J53: 233000 | K53: =I53-J53 -> 67000
A54: 45 | B54: 009-091 | C54: 040140-B62W | D54: BH T/S-2(NO CUTTING) | E54: 4*14 | F54: S18A SAIP | G54: 3.2 | H54: 18,20,28 | I54: 5000000 | J54: 4246500 | K54: =I54-J54 -> 753500 | O54: =113000+116000+109000 -> 338000
A55: 46 | B55: 010-009 | C55: 030150-P66H-ADS | D55: PH T/S-2 STEP SE | E55: 3*15 | F55: STS304 J3S WSA | G55: 2.95 | I55: 200000 | J55: 0 | K55: =I55-J55 -> 200000 | P55: 12.10.20
A56: 47 | B56: 009-027 | C56: 040100-TC2W-1 | D56: TH TTS-C T/W | E56: 4*10 | F56: S18A SAIP | G56: 3.45 | H56: 19,26, | I56: 2000000 | J56: 2010900 | K56: =I56-J56 -> -10900 | O56: 12000
A57: 48 | B57: 009-028 | C57: 040100-TC2W-1 | D57: TH TTS-C T/W | E57: 4*10 | F57: S18A SAIP | G57: 3.45 | I57: 500000 | J57: 315000 | K57: =I57-J57 -> 185000 | O57: =111000+119000 -> 230000
A58: 49 | B58: 009-102 | C58: 040100-TC2W-1 | D58: TH TTS-C T/W | E58: 4*10 | F58: S18A SAIP | G58: 3.45 | I58: 1000000 | K58: =I58-J58 -> 1000000 | P58: 16.10.20.
A59: 50 | B59: 010-019 | C59: 040120-T12W | D59: TH T/S-1(Y) | E59: 4*12 | F59: S18A SAIP | G59: 3.25 | H59: 16,17 | I59: 600000 | J59: 400000 | K59: =I59-J59 -> 200000 | O59: =109000+130000 -> 239000
A60: 51 | B60: 010-108 | C60: 040120-T12W | D60: TH T/S-1(Y) | E60: 4*12 | F60: S18A SAIP | G60: 3.25 | I60: 100000 | K60: =I60-J60 -> 100000 | P60: 16.10.20
A61: 52 | B61: 010-111 | C61: 040120-T22W-1 | D61: SCREW A | E61: 4*12 | F61: S18A SAIP | G61: 3.2 | H61: 15 | I61: 2000000 | J61: 340800 | K61: =I61-J61 -> 1659200 | O61: 115800
A62: 53 | B62: 010-110 | C62: 040120-T22W | D62: TH T/S-2S | E62: 4*12 | F62: S18A SAIP | G62: 3.2 | H62: 29 | I62: 2400000 | J62: 116000 | K62: =I62-J62 -> 2284000 | O62: 116000
A63: 54 | B63: 010-030 | C63: 040160-T12W | D63: TH T/S-1 | E63: 4*16 | F63: S18A SAIP | G63: 3.25 | H63: 23 | I63: 700000 | J63: 367000 | K63: =I63-J63 -> 333000 | O63: 105000
A64: 55 | B64: 007-145 | C64: 030070-P62W-D | D64: PH T/S-2(NO CUTTING) | E64: 3*7 | F64: S18A SAIP | G64: 2.46 | H64: 27 | I64: 400000 | J64: 131000 | K64: =I64-J64 -> 269000
A65: 56 | B65: 010-013 | C65: 040080-TS2W | D65: TH TTS-S | E65: 4*8 | F65: S18A SAIP | G65: 3.55 | I65: 300000 | J65: 17000 | K65: =I65-J65 -> 283000 | O65: 17000
A66: 57 | B66: 009-126 | C66: 030140-PB1W-4 | D66: PH TTS-B S,P/W | E66: 3*14 | F66: S10A HD | G66: 2.46 | I66: 1000 | J66: 1000 | K66: =I66-J66 -> 0 | O66: 1000
A67: 58 | B67: 010-002 | C67: 030060-BB2W | D67: BH TTS-B | E67: 3*6 | F67: S18A SAIP | G67: 2.46 | H67: 51,54 | I67: 1000000 | J67: 680900 | K67: =I67-J67 -> 319100 | O67: =49200+112800 -> 162000
A68: 59 | B68: 009-009 | C68: 030080-P22W | D68: PH T/S-2S | E68: 3*8 | F68: S18A SAIP | G68: 2.46 | H68: 52 | I68: 1200000 | J68: 857600 | K68: =I68-J68 -> 342400 | O68: 76900
A69: 60 | B69: 010-003 | C69: 030060-C52B-N | D69: PH/W M/S | E69: 3*6 | F69: S18A SAIP | G69: 2.6 | I69: 100000 | J69: 85000 | K69: =I69-J69 -> 15000
A70: 61 | B70: 009-087 | C70: 030100-B62W | D70: BH T/S-2(NO CUTTING) | E70: 3*10 | F70: S18A SAIP | G70: 2.46 | H70: 53 | I70: 700000 | J70: 714900 | K70: =I70-J70 -> -14900 | O70: 123000
A71: 62 | B71: 010-006 | C71: 030100-B62W | D71: BH T/S-2(NO CUTTING) | E71: 3*10 | F71: S18A SAIP | G71: 2.46 | I71: 300000 | K71: =I71-J71 -> 300000 | P71: 16.10.20
A72: 63 | B72: 010-004 | C72: 030060-PB2W-A | D72: PH (LARGE) TTS-B | E72: 3*6 | F72: S18A SAIP | G72: 2.46 | H72: 50,55 | I72: 2500000 | J72: 1137300 | K72: =I72-J72 -> 1362700 | O72: =124500+113900 -> 238400
A73: Total | O73: =SUM(O10:O72) -> 2677300

Sheet 03.11
A1: KẾ HOẠCH SẢN XUẤT HÀNG NGÀY | J1: Phụ Trách | K1: Kiểm tra | L1: Phê Duyệt
A4: Date: 2020.10.17
A5: M/C | B5: Item Code | C5: Item | D5: Spec | E5: Waiting H/D | F5: Work time production | G5: Planing production | H5: Production performance | I5: Staff | J5: Remark
E6: 햇딩대기 03.11.20 | F6: 작업시간 | G6: 생산계획 | H6: 생산실적
A7: 1 | B7: 101443-F14W-AB | C7: BOLT FIXER | D7: 10.*144.3 | E7: 179200 | F7: 8H | G7: =47*60*8 -> 22560 | I7: Kha
A8: 3 | B8: 080315-JM6R-DH | C8: SPIDER BOLT | D8: 8*31.5 | E8: 366600 | F8: 10H | G8: =44*60*10 -> 26400 | H8: 13000 | I8: Khang
A9: 4 | B9: 080620-UM1A-2A | C9: HEX BOLT P/W B=13 | D9: 8*62 | E9: 1192300 | F9: 8H | G9: =55*60*8 -> 26400 | H9: 26500 | I9: Khang
A10: 5 | B10: 071245-F14W | C10: BOLT FIXER | D10: 7*124 | E10: 744600 | F10: 8H | G10: =65*60*8 -> 31200 | H10: 35300 | I10: Thiên
A11: 7A | B11: 780420-F64W-2 | C11: FL T/S-2 P/W (Wait) | D11: 7.8*42 | E11: 761000 | F11: 10H | G11: =45*60*10 -> 27000 | H11: 16000 | I11: Quang
A12: 7 | B12: 650320-F62W-SP | C12: BASE | D12: 6.5*32 | E12: 2644800 | F12: 10H | G12: =42*60*10 -> 25200 | H12: 15000 | I12: Quang
A13: 8 | B13: 080290-FM6R-D | C13: SPIDER BOLT | D13: 8*29 | E13: 59200 | F13: 8H | G13: =138*60*8 -> 66240 | H13: 17000 | I13: Tuấn
A14: 8 | B14: 080620-UM1A-2A | C14: HEX BOLT P/W B=13 | D14: 8*62 | E14: 1192300 | F14: 8H | G14: =138*60*8 -> 66240 | I14: Tuấn
A15: 9A | B15: 650320-F62W-SP | C15: BASE | D15: 6.5*32 | E15: 2644800 | I15: Tuấn
A16: 9,10 | B16: 550160-T65H | C16: TH T/S-2 (STS430) | D16: 5.5*16 | E16: 1327400 | F16: 8H | G16: =50*60*8 -> 24000 | H16: 20000 | I16: Tài
A17: 11 | B17: 050550-U12B-P | C17: HEX(UP) + T/S-1 | D17: 5*55 | E17: 180000 | F17: 8H | G17: =52*60*8 -> 24960 | H17: 7500 | I17: Tài
A18: 12 | B18: 050160-FS2W-APZ | C18: FL + TTS-S 3P SLOT | D18: 5*16 | E18: 232800 | F18: 8H | G18: =52*60*8 -> 24960 | H18: 1800 | I18: N.Anh
A19: 13 | B19: 050160-T12W | C19: TH T/S-1 | D19: 5*16 | E19: 242000 | F19: 8H | G19: =95*60*8 -> 45600 | H19: 27000 | I19: N.Anh
A20: 14 | B20: 590048-Y01W-DZ | C20: RIVET B | D20: 5.9*4.8 | E20: 280200 | F20: 8H | G20: =55*60*8 -> 26400 | H20: 30000 | I20: N.Anh
A21: 14 | B21: 590048-Y01W-DZ | C21: RIVET B | D21: 5.9*4.8 | E21: 280200 | F21: 8H | G21: =84*60*8 -> 40320 | I21: N.Anh
A22: 16 | B22: 040180-T65H | C22: TH T/S-2 (STS430) | D22: 4*18 | E22: 600000 | F22: 8H | G22: =100*60*8 -> 48000 | H22: 13500 | I22: Thịnh
A23: 18 | B23: 030080-P51N-4 | C23: PH M/S S,P/W | D23: 3*8 | E23: 142500 | F23: 10H30' | G23: =110*60*10.5 -> 69300 | H23: 17700 | I23: Thịnh
A24: 18 | B24: 030100-P51N-4 | C24: PH M/S S,P/W | D24: 3*10 | E24: 200000 | F24: 10H30' | G24: =110*60*10.5 -> 69300 | H24: 32900 | I24: Thịnh
A25: 25 | B25: 040140-T65H | C25: TH /S-2 (STS430) | D25: 4*14 | E25: 130000 | F25: 10H30' | G25: =96*60*10.5 -> 60480 | H25: 39800 | I25: Dũng
A26: 25 | B26: 040140-T25H | C26: TH T/S-2S (STS430) | D26: 4*14 | E26: 300000 | F26: 12H | G26: =180*60*12 -> 129600 | H26: 16500 | I26: Dũng
A27: 26 | B27: 040120-T16H | C27: TH T/S-1(STS304) | D27: 4*12 | E27: 99000 | F27: 12H | G27: =180*60*12 -> 129600 | H27: 97000 | I27: Dũng
A28: 26 | B28: 040100-T16H | C28: SCR TPG TRS 4x10 | D28: 4*10 | E28: 200000 | F28: 12H | G28: =180*60*12 -> 129600 | H28: 86000 | I28: Dũng
A29: 31 | B29: 040060-P51N-4 | C29: PH M/S S,P/W | D29: 4*6 | E29: 158000 | F29: 12H | G29: =180*60*12 -> 129600 | H29: =85000 -> 85000 | I29: Tài
A30: 31 | B30: 040060-P51W-3 | C30: PH M/S S/W | D30: 4*6 | E30: 100000 | F30: 12H | G30: =180*60*12 -> 129600 | H30: =88000+95000+70200 -> 253200 | I30: Vũ
A31: 22 | B31: 040100-T66H | C31: SCR TPG TRS 4x10 | D31: 4*10 | E31: 80000 | F31: 12H | G31: =180*60*12 -> 129600 | H31: =94000+96000 -> 190000 | I31: Phú
A32: 27 | B32: 040100-B66H | C32: BH T/S-2(NO CUTTING) | D32: 4*10 | E32: 50000 | F32: 11H | G32: =180*60*11 -> 118800 | I32: Vũ
A33: 30 | B33: 030150-P66H-ADS | C33: PH T/S-2 STEP SE | D33: 3*15 | E33: 352800 | F33: 11H | G33: =180*60*11 -> 118800 | H33: 94000 | I33: Vũ
A34: 51 | B34: 030060-PB2W-A | C34: PH (LARGE) TTS-B | D34: 3*6 | E34: 3251300 | F34: 11H | G34: =180*60*11 -> 118800 | H34: 21000 | I34: Diep
A35: 54 | B35: 030060-BB2W | C35: BH TTS-B | D35: 3*6 | E35: 2386000 | F35: 11H | G35: =180*60*11 -> 118800 | H35: 20500 | I35: Diep
A36: TOTAL M/C PRODUCTION 23
A37: TOTAL M/C CAN'T PRODUCTION 16
A38: TOTAL | G38: =180*60*12 -> 129600 | H38: =SUM(H7:H37) -> 1176200

Sheet 19.10     
A1: KẾ HOẠCH SẢN XUẤT HÀNG NGÀY | J1: Phụ Trách | K1: Kiểm tra | L1: Phê Duyệt
A4: Date: 2020.10.17
A5: M/C | B5: Item Code | C5: Item | D5: Spec | E5: Waiting H/D | F5: Work time production | G5: Planing production | H5: Production performance | I5: Staff | J5: Remark
E6: 햇딩대기 13.10.20 | F6: 작업시간 | G6: 생산계획 | H6: 생산실적
A7: 1 | B7: 100550-YM1W-Z | C7: LEG BOLT | D7: 10*55 | E7: 9700 | F7: 8H | G7: =47*60*8 -> 22560 | I7: Kha | J7: Máy hư đợi bảo trì Mr. Kha off
A8: 2 | B8: 080660-U51A-2D | C8: BOLT DAMPER P/W | D8: 8*66 | E8: 25000 | F8: 10H | G8: =44*60*10 -> 26400 | H8: 13000 | I8: Thiên | J8: Không có thùng 5H
A9: 3 | B9: 080315-JM6R-DH | C9: SPIDER BOLT | D9: 8*31.5 | E9: 13400 | F9: 8H | G9: =55*60*8 -> 26400 | H9: 26500 | I9: Khang | J9: Thay NL 10' Thay pin 3 , 10'
A10: 4 | B10: 100350-F51A-D | C10: F/L BOLT Ph? m? | D10: 10*35 | E10: 45600 | F10: 8H | G10: =65*60*8 -> 31200 | H10: 35300 | I10: Khang | J10: Thay NL 10'
A11: 5 | B11: 071245-F14W | C11: BOLT FIXER | D11: 7*124 | E11: 25000 | F11: 10H | G11: =45*60*10 -> 27000 | H11: 16000 | I11: Thiên | J11: Cài đặt 3H Không có thùng 2H
A12: 6 | B12: 060351-FMFW-DP | C12: FL + BOLT | D12: 6*31.5 | E12: 27000 | F12: 10 | G12: =42*60*10 -> 25200 | H12: 15000 | I12: Thiên | J12: Không có thùng 4H. Thay NL 10'
A13: 7 | B13: 780420-F64W-2 | C13: FL T/S-2 P/W (Wait) | D13: 7.8*42 | E13: 63000 | F13: 8H | G13: =138*60*8 -> 66240 | H13: 17000 | I13: Quang | J13: Không có thùng 6H. '
A14: 7A | B14: 070420-ZM6H-D | C14: EYE BOLT M/S STEP | D14: 7.8*42 | F14: 8H | G14: =138*60*8 -> 66240 | I14: Quang | J14: Không có thùng 8H. '
A15: 8A | B15: 650320-F62W-SP | C15: BASE | D15: 6.5*32 | E15: =75000+40000 -> 115000 | F15: 8H | G15: =50*60*8 -> 24000 | H15: 20000 | I15: Quang | J15: Không có thùng 1H20' Thay NL 10'
A16: 8 | B16: 080300-F35L-S | C16: FL M/S SE(STS430) | D16: 8*30 | E16: 32000 | F16: 8H | G16: =52*60*8 -> 24960 | H16: 7500 | I16: Tuấn | J16: Thay NL 10' Đổi đơn
A17: 8 | B17: 030862-Z06H | C17: SHAFT HINGE | D17: 3*86.2 | E17: 15000 | F17: 8H | G17: =52*60*8 -> 24960 | H17: 1800 | I17: Tuấn | J17: Ngưng máy 3H Hết liệu Thay Nl 10'
A18: 9A | B18: 050160-U62W-P | C18: HEX(UP)+BOLT T/S-2 | D18: 5*16 | E18: 33700 | F18: 8H | G18: =95*60*8 -> 45600 | H18: 27000 | I18: Vũ | J18: Thay NL 10' Hết thùng sắt 3H40'
A19: 9 | B19: 060600-U34W-4 | C19: HEX(UPSET) S,P/W | D19: 6*60 | E19: 34000 | F19: 8H | G19: =55*60*8 -> 26400 | H19: 30000 | I19: Vũ | J19: Không có thùng 1H30' Thay sửa búa 1,2H
A20: 10 | B20: 050220-T16H | C20: SCR TPG TRS 5*22 | D20: 5*22 | E20: 48500 | F20: 8H | G20: =84*60*8 -> 40320 | I20: Vũ | J20: Không có thùng 1H20' Thay NL 10'
A21: 11 | B21: 050160-FS2W-APZ | C21: FL + TTS-S 3P SLOT | D21: 5*16 | E21: 59000 | F21: 8H | G21: =100*60*8 -> 48000 | H21: 13500 | I21: Dũng | J21: Thay bake ,chờ thao tác 30' thay khuôn,g/c búa 1, nứt bake1H 55'
A22: 12 | B22: 050160-T65H-B | C22: TH T/S-2 (STS430) | D22: 5*16 | E22: 30600 | F22: 10H30' | G22: =110*60*10.5 -> 69300 | H22: 17700 | I22: Dũng | J22: Thay PIN búa 1 ,15'
A23: 13 | B23: 040120-T22W-1 | C23: SCREW A | D23: 4*12 | E23: 130000 | F23: 10H30' | G23: =110*60*10.5 -> 69300 | H23: 32900 | I23: Dũng | J23: Thay bake 10' Gãy chốt búa 1, 25' Vệ sinh lọc dầu , thay bake 40'
A24: 14 | B24: 040120-T12W | C24: TH T/S-1(Y) | D24: 4*12 | E24: =130000+116500 -> 246500 | F24: 10H30' | G24: =96*60*10.5 -> 60480 | H24: 39800 | I24: Thịnh | J24: Bể khuôn 1H40' Sửa máy 16, 50'
A25: 15 | B25: 040140-B62W | C25: BH T/S-2(NO CUTTING) | D25: 4*14 | E25: =80000+82000+58800 -> 220800 | F25: 12H | G25: =180*60*12 -> 129600 | H25: 16500 | I25: Thịnh | J25: Hư búa , dao 1H
A26: 16 | B26: 040140-B62W | C26: BH T/S-2(NO CUTTING) | D26: 4*14 | E26: =38000+45000 -> 83000 | F26: 12H | G26: =180*60*12 -> 129600 | H26: 97000 | I26: Thịnh | J26: Thay Nl 10'
A27: 17 | B27: 040100-TC2W-1 | C27: TH TTS-C T/W | D27: 4*10 | E27: 10000 | F27: 12H | G27: =180*60*12 -> 129600 | H27: 86000 | I27: Thịnh | J27: Rút khuôn 20' Tăng ca giờ cơm tự tắt
A28: 18 | B28: 040100-TC2W-1 | C28: TH TTS-C T/W | D28: 4*10 | E28: =123000+49000 -> 172000 | F28: 12H | G28: =180*60*12 -> 129600 | H28: =85000 -> 85000 | I28: Tài | J28: Thay Nl 10'
A29: 19 | B29: 040080-T22W | C29: TH T/S-2S | D29: 4*8 | E29: 103500 | F29: 12H | G29: =180*60*12 -> 129600 | H29: =88000+95000+70200 -> 253200 | I29: Tài | J29: Thay NL 10'
A30: 19 | B30: 040160-T12W | C30: TH T/S-1 | D30: 4*16 | E30: 109400 | F30: 12H | G30: =180*60*12 -> 129600 | H30: =94000+96000 -> 190000 | I30: Tài | J30: Thay Nl 10'
A31: 20 | B31: 040120-TP2W-S | C31: TH TTS-P SE(2line) | D31: 4*12 | E31: =48400+112000 -> 160400 | F31: 11H | G31: =180*60*11 -> 118800 | I31: Tài | J31: Đổi Đơn mới
A32: 21 | B32: 040120-T22W | C32: TH T/S-2S | D32: 4*12 | E32: =93500 -> 93500 | F32: 11H | G32: =180*60*11 -> 118800 | H32: 94000 | I32: Tài | J32: Setting 4H
A33: 22 | B33: 030060-PB2W-A | C33: PH (LARGE) TTS-B | D33: 3*6 | E33: =126000+109000 -> 235000 | F33: 11H | G33: =180*60*11 -> 118800 | H33: 21000 | I33: Tài | J33: Thay bake 10''
A34: 22 | B34: 030060-BB2W | C34: BH TTS-B | D34: 3*6 | E34: 40000 | F34: 11H | G34: =180*60*11 -> 118800 | H34: 20500 | I34: Phú | J34: Thay bake chỉnh méo 30'
A35: 23 | B35: 030060-BB2W | C35: BH TTS-B | D35: 3*6 | E35: =67000+114000 -> 181000 | F35: 11H | G35: =180*60*11 -> 118800 | H35: 20000 | I35: Phú | J35: Thay bake 10''
A36: 24 | B36: 030080-P22W | C36: PH T/S-2S | D36: 3*8 | E36: 29000 | F36: 12H | G36: =180*60*12 -> 129600 | H36: 91000 | I36: Phú | J36: Cài đặt 1H30', Không thùng sắt 2H15 Chỉnh méo nứt đầu 2H50'
A37: 25 | B37: 030100-B62W | C37: BH T/S-2(NO CUTTING) | D37: 3*10 | E37: 109000 | F37: 11H | G37: =180*60*11 -> 118800 | H37: 83200 | I37: Phú | J37: Thay bake 15' Chỉnh méo 40'
A38: 26 | F38: 12H | G38: =180*60*12 -> 129600 | H38: =37900+42000 -> 79900 | I38: Phú | J38: Setting 6H change Item
A39: 27 | F39: 8H | G39: =180*60*8 -> 86400 | H39: =90000+44000 -> 134000 | I39: Điệp | J39: Hết thùng 1H50',Thay bake 10' Thay NVL 10'
A40: 28 | F40: 12H | G40: =180*60*12 -> 129600 | H40: 43000 | I40: Điệp | J40: Hết thùng 1H40',Thay bake 10' Thay NVL 10'
A41: 29 | F41: 12H | G41: =180*60*12 -> 129600 | H41: 43000 | I41: Điệp | J41: Máy hư chốt tống đợi bảo trì
A42: 30 | F42: 11H | G42: =180*60*11 -> 118800 | I42: Điệp | J42: Hết thùng 3H20',Thay bake 10' Thay NVL 10'
A43: 31 | F43: 12H | G43: =180*60*12 -> 129600 | I43: N.anh | J43: Thay PUNCH 40' , Thay ốc đầu búa 10''
A44: 50 | F44: 12H | G44: =180*60*12 -> 129600 | I44: N.anh | J44: Thay PUNCH chỉnh méo 3h' , đợi công nhân thao tác 5h''
A45: 51 | F45: 12H | G45: =180*60*12 -> 129600 | I45: N.anh | J45: Chỉnh dao chỉnh méo 5H10'
A46: 52 | F46: 12H | G46: =180*60*12 -> 129600 | I46: N.anh | J46: Thay PUNCH chỉnh méo 40' ,
A47: 53 | F47: 12H | G47: =180*60*12 -> 129600 | I47: N.anh | J47: Thay PUNCH Lò xo búa 1H30' ,
A48: 54 | F48: 12H | G48: =180*60*12 -> 129600 | I48: N.anh | J48: Thay PUNCH chỉnh méo 1H20' ,
A49: TOTAL | G49: =180*60*12 -> 129600 | H49: =SUM(H7:H48) -> 1670300

Sheet 17.10     
A1: KẾ HOẠCH SẢN XUẤT HÀNG NGÀY | J1: Phụ Trách | K1: Kiểm tra | L1: Phê Duyệt
A4: Date: 2020.10.17
A5: M/C | B5: Item Code | C5: Item | D5: Spec | E5: Waiting H/D | F5: Work time production | G5: Planing production | H5: Production performance | I5: Staff | J5: Remark
E6: 햇딩대기 13.10.20 | F6: 작업시간 | G6: 생산계획 | H6: 생산실적
A7: 1 | B7: 100550-YM1W-Z | C7: LEG BOLT | D7: 10*55 | F7: 8H | G7: =47*60*8 -> 22560 | I7: Kha | J7: Máy hư đợi bảo trì Mr. Kha off
A8: 2 | B8: 080660-U51A-2D | C8: BOLT DAMPER P/W | D8: 8*66 | E8: 13000 | F8: 10H | G8: =44*60*10 -> 26400 | H8: 13000 | I8: Thiên | J8: Không có thùng 5H
A9: 3 | B9: 080315-JM6R-DH | C9: SPIDER BOLT | D9: 8*31.5 | E9: 26500 | F9: 8H | G9: =55*60*8 -> 26400 | H9: 26500 | I9: Khang | J9: Thay NL 10' Thay pin 3 , 10'
A10: 4 | B10: 100350-F51A-D | C10: F/L BOLT Ph? m? | D10: 10*35 | E10: 35300 | F10: 8H | G10: =65*60*8 -> 31200 | H10: 35300 | I10: Khang | J10: Thay NL 10'
A11: 5 | B11: 071245-F14W | C11: BOLT FIXER | D11: 7*124 | E11: 16000 | F11: 10H | G11: =45*60*10 -> 27000 | H11: 16000 | I11: Thiên | J11: Cài đặt 3H Không có thùng 2H
A12: 6 | B12: 060351-FMFW-DP | C12: FL + BOLT | D12: 6*31.5 | E12: 15000 | F12: 10 | G12: =42*60*10 -> 25200 | H12: 15000 | I12: Thiên | J12: Không có thùng 4H. Thay NL 10'
A13: 7 | B13: 650320-F62W-SP | C13: BASE | D13: 6.5*32 | E13: 17000 | F13: 8H | G13: =138*60*8 -> 66240 | H13: 17000 | I13: Quang | J13: Không có thùng 6H. '
A14: 7A | B14: 780420-F64W-2 | C14: FL T/S-2 P/W (Wait) | D14: 7.8*42 | E14: 20000 | F14: 8H | G14: =138*60*8 -> 66240 | I14: Quang | J14: Không có thùng 8H. '
A15: 8A | B15: 080300-F35L-S | C15: FL M/S SE(STS430) | D15: 8*30 | E15: 20000 | F15: 8H | G15: =50*60*8 -> 24000 | H15: 20000 | I15: Quang | J15: Không có thùng 1H20' Thay NL 10'
A16: 8 | B16: 080290-FM6R-D | C16: SPIDER BOLT | D16: 8*29 | E16: 7500 | F16: 8H | G16: =52*60*8 -> 24960 | H16: 7500 | I16: Tuấn | J16: Thay NL 10' Đổi đơn
A17: 8 | B17: 080290-FM6R-D | C17: SPIDER BOLT | D17: 8*29 | E17: 1800 | F17: 8H | G17: =52*60*8 -> 24960 | H17: 1800 | I17: Tuấn | J17: Ngưng máy 3H Hết liệu Thay Nl 10'
A18: 9A | B18: 650320-F62W-SP | C18: BASE | D18: 6.5*32 | E18: 27000 | F18: 8H | G18: =95*60*8 -> 45600 | H18: 27000 | I18: Vũ | J18: Thay NL 10' Hết thùng sắt 3H40'
A19: 9 | B19: 550160-T65H | C19: TH T/S-2 (STS430) | D19: 5.5*16 | F19: 8H | G19: =55*60*8 -> 26400 | H19: 30000 | I19: Vũ | J19: Không có thùng 1H30' Thay sửa búa 1,2H
A20: 10 | B20: 550160-T65H | C20: TH T/S-2 (STS430) | D20: 5.5*16 | F20: 8H | G20: =84*60*8 -> 40320 | I20: Vũ | J20: Không có thùng 1H20' Thay NL 10'
A21: 11 | B21: 050160-U62W-P | C21: HEX(UP)+BOLT T/S-2 | D21: 5*16 | E21: 13500 | F21: 8H | G21: =100*60*8 -> 48000 | H21: 13500 | I21: Dũng | J21: Thay bake ,chờ thao tác 30' thay khuôn,g/c búa 1, nứt bake1H 55'
A22: 12 | B22: 060600-U34W-4 | C22: HEX(UPSET) S,P/W | D22: 6*60 | E22: 17700 | F22: 10H30' | G22: =110*60*10.5 -> 69300 | H22: 17700 | I22: Dũng | J22: Thay PIN búa 1 ,15'
A23: 13 | B23: 050220-T16H | C23: SCR TPG TRS 5*22 | D23: 5*22 | E23: 32900 | F23: 10H30' | G23: =110*60*10.5 -> 69300 | H23: 32900 | I23: Dũng | J23: Thay bake 10' Gãy chốt búa 1, 25' Vệ sinh lọc dầu , thay bake 40'
A24: 14 | B24: 050160-FS2W-APZ | C24: FL + TTS-S 3P SLOT | D24: 5*16 | E24: 39800 | F24: 10H30' | G24: =96*60*10.5 -> 60480 | H24: 39800 | I24: Thịnh | J24: Bể khuôn 1H40' Sửa máy 16, 50'
A25: 15 | B25: 050160-T65H-B | C25: TH T/S-2 (STS430) | D25: 5*16 | E25: 16500 | F25: 12H | G25: =180*60*12 -> 129600 | H25: 16500 | I25: Thịnh | J25: Hư búa , dao 1H
A26: 16 | B26: 040120-T22W-1 | C26: SCREW A | D26: 4*12 | E26: 97000 | F26: 12H | G26: =180*60*12 -> 129600 | H26: 97000 | I26: Thịnh | J26: Thay Nl 10'
A27: 17 | B27: 040120-T12W | C27: TH T/S-1(Y) | D27: 4*12 | E27: 86000 | F27: 12H | G27: =180*60*12 -> 129600 | H27: 86000 | I27: Thịnh | J27: Rút khuôn 20' Tăng ca giờ cơm tự tắt
A28: 18 | B28: 040120-T12W | C28: TH T/S-1(Y) | D28: 4*12 | E28: =85000 -> 85000 | F28: 12H | G28: =180*60*12 -> 129600 | H28: =85000 -> 85000 | I28: Tài | J28: Thay Nl 10'
A29: 19 | B29: 040140-B62W | C29: BH T/S-2(NO CUTTING) | D29: 4*14 | E29: =88000+95000+70200 -> 253200 | F29: 12H | G29: =180*60*12 -> 129600 | H29: =88000+95000+70200 -> 253200 | I29: Tài | J29: Thay NL 10'
A30: 19 | B30: 040100-TC2W-1 | C30: TH TTS-C T/W | D30: 4*10 | E30: =94000+96000 -> 190000 | F30: 12H | G30: =180*60*12 -> 129600 | H30: =94000+96000 -> 190000 | I30: Tài | J30: Thay Nl 10'
A31: 20 | B31: 040120-P12Z | C31: PH(#8) T/S-1 | D31: 4*12 | F31: 11H | G31: =180*60*11 -> 118800 | I31: Tài | J31: Đổi Đơn mới
A32: 21 | B32: 040080-T22W | C32: TH T/S-2S | D32: 4*8 | E32: 94000 | F32: 11H | G32: =180*60*11 -> 118800 | H32: 94000 | I32: Tài | J32: Setting 4H
A33: 22 | B33: 040160-T12W | C33: TH T/S-1 | D33: 4*16 | E33: 21000 | F33: 11H | G33: =180*60*11 -> 118800 | H33: 21000 | I33: Tài | J33: Thay bake 10''
A34: 22 | B34: 040120-TP2W-S | C34: TH TTS-P SE(2line) | D34: 4*12 | E34: 20500 | F34: 11H | G34: =180*60*11 -> 118800 | H34: 20500 | I34: Phú | J34: Thay bake chỉnh méo 30'
A35: 23 | B35: 040120-T16H-5 | C35: TH T/S-1 PVC/W | D35: 4*12 | E35: 20000 | F35: 11H | G35: =180*60*11 -> 118800 | H35: 20000 | I35: Phú | J35: Thay bake 10''
A36: 24 | B36: 040080-TS2W | C36: TH TTS-S | D36: 4*8 | E36: 91000 | F36: 12H | G36: =180*60*12 -> 129600 | H36: 91000 | I36: Phú | J36: Cài đặt 1H30', Không thùng sắt 2H15 Chỉnh méo nứt đầu 2H50'
A37: 25 | B37: 040120-T22W | C37: TH T/S-2S | D37: 4*12 | E37: 83200 | F37: 11H | G37: =180*60*11 -> 118800 | H37: 83200 | I37: Phú | J37: Thay bake 15' Chỉnh méo 40'
A38: 26 | B38: 030060-PB2W-A | C38: PH (LARGE) TTS-B | D38: 3*6 | E38: =37900+42000 -> 79900 | F38: 12H | G38: =180*60*12 -> 129600 | H38: =37900+42000 -> 79900 | I38: Phú | J38: Setting 6H change Item
A39: 27 | B39: 030060-BB2W | C39: BH TTS-B | D39: 3*6 | E39: =90000+44000 -> 134000 | F39: 8H | G39: =180*60*8 -> 86400 | H39: =90000+44000 -> 134000 | I39: Điệp | J39: Hết thùng 1H50',Thay bake 10' Thay NVL 10'
A40: 28 | B40: 030080-P22W | C40: PH T/S-2S | D40: 3*8 | E40: 43000 | F40: 12H | G40: =180*60*12 -> 129600 | H40: 43000 | I40: Điệp | J40: Hết thùng 1H40',Thay bake 10' Thay NVL 10'
A41: 29 | B41: 030100-B62W | C41: BH T/S-2(NO CUTTING) | D41: 3*10 | E41: 43000 | F41: 12H | G41: =180*60*12 -> 129600 | H41: 43000 | I41: Điệp | J41: Máy hư chốt tống đợi bảo trì
A42: 30 | F42: 11H | G42: =180*60*11 -> 118800 | I42: Điệp | J42: Hết thùng 3H20',Thay bake 10' Thay NVL 10'
A43: 31 | F43: 12H | G43: =180*60*12 -> 129600 | I43: N.anh | J43: Thay PUNCH 40' , Thay ốc đầu búa 10''
A44: 50 | F44: 12H | G44: =180*60*12 -> 129600 | I44: N.anh | J44: Thay PUNCH chỉnh méo 3h' , đợi công nhân thao tác 5h''
A45: 51 | F45: 12H | G45: =180*60*12 -> 129600 | I45: N.anh | J45: Chỉnh dao chỉnh méo 5H10'
A46: 52 | F46: 12H | G46: =180*60*12 -> 129600 | I46: N.anh | J46: Thay PUNCH chỉnh méo 40' ,
A47: 53 | F47: 12H | G47: =180*60*12 -> 129600 | I47: N.anh | J47: Thay PUNCH Lò xo búa 1H30' ,
A48: 54 | F48: 12H | G48: =180*60*12 -> 129600 | I48: N.anh | J48: Thay PUNCH chỉnh méo 1H20' ,
A49: TOTAL | G49: =180*60*12 -> 129600 | H49: =SUM(H7:H48) -> 1670300

Sheet 16.10    
A1: KẾ HOẠCH SẢN XUẤT HÀNG NGÀY | J1: Phụ Trách | K1: Kiểm tra | L1: Phê Duyệt
A4: Date: 2020.10.16
A5: M/C | B5: Item Code | C5: Item | D5: Spec | E5: Waiting H/D | F5: Work time production | G5: Planing production | H5: Production performance | I5: Staff | J5: Remark
E6: 햇딩대기 13.10.20 | F6: 작업시간 | G6: 생산계획 | H6: 생산실적
A7: 1 | B7: 100550-YM1W-Z | C7: LEG BOLT | D7: 10*55 | E7: 8000 | F7: 8H | G7: =47*60*8 -> 22560 | H7: 8000 | I7: Kha | J7: Máy báo lỗi bảo trì sửa 6H30'
A8: 2 | B8: 080660-U51A-2D | C8: BOLT DAMPER P/W | D8: 8*66 | E8: 27000 | F8: 10H30' | G8: =44*60*10.5 -> 27720 | H8: 27000 | I8: Thiên
A9: 3 | B9: 080315-JM6R-DH | C9: SPIDER BOLT | D9: 8*31.5 | E9: 25500 | F9: 8H | G9: =55*60*8 -> 26400 | H9: 25500 | I9: Khang | J9: Thay NL 10' Thay pin 3 , 10'
A10: 4 | B10: 100350-F51A-D | C10: F/L BOLT Ph? m? | D10: 10*35 | E10: 33000 | F10: 8H | G10: =70*60*8 -> 33600 | H10: 33000 | I10: Khang
A11: 5 | B11: 071245-F14W | C11: BOLT FIXER | D11: 7*124 | E11: 27000 | F11: 10H30' | G11: =45*60*10.5 -> 28350 | H11: 0 | I11: Thiên | J11: Đợi bảo trì sửa máy 8H
A12: 6 | B12: 060351-FMFW-DP | C12: FL + BOLT | D12: 6*31.5 | E12: 27000 | F12: 10H30' | G12: =45*60*10.5 -> 28350 | H12: 27000 | I12: Thiên | J12: Thay NL 10'
A13: 7A | B13: 780420-F64W-2 | C13: FL T/S-2 P/W (Wait) | D13: 7.8*42 | E13: 35000 | F13: 10H30' | G13: =138*60*10.5 -> 86940 | H13: 35000 | I13: Quang | J13: Đổi Đơn mới
A14: 7A | B14: 780420-F64W-2 | C14: FL T/S-2 P/W (Wait) | D14: 7.8*42 | E14: 45000 | F14: 10H30' | G14: =138*60*10.5 -> 86940 | H14: 45000 | I14: Quang | J14: Thay dấu 20'. Thay NL 20'
A15: 7 | B15: 650320-F62W-SP | C15: BASE | D15: 6.5*32 | E15: =84000+59500 -> 143500 | F15: 10H30' | G15: =138*60*10.5 -> 86940 | H15: =84000 -> 84000 | I15: Quang | J15: Thay bake 10' Thay Nl 20'
A16: 8A | B16: 080300-F35L-S | C16: FL M/S SE(STS430) | D16: 8*30 | E16: 33000 | F16: 10H30' | G16: =52*60*10.5 -> 32760 | H16: 33000 | I16: Quang | J16: Thay NL 10'
A17: 8 | B17: 080290-FM6R-D | C17: SPIDER BOLT | D17: 8*29 | E17: 33000 | F17: 10H30' | G17: =52*60*10.5 -> 32760 | H17: 33000 | I17: Tuấn | J17: Thay NL 10'
A18: 9A | B18: 650320-F62W-SP | C18: BASE | D18: 6.5*32 | F18: 10H30' | G18: =95*60*10.5 -> 59850 | H18: 59500 | I18: Tuấn | J18: Thay bake 10' Thay Nl 10'
A19: 9 | B19: 040120-Z12W-T | C19: TORX SCREW | D19: 4*12 | E19: 27000 | F19: 8H | G19: =55*60*8 -> 26400 | H19: 27000 | I19: Tài | J19: Thay NL 10'
A20: 10 | B20: 050160-U62W-P | C20: HEX(UP)+BOLT T/S-2 | D20: 5*16 | E20: 34800 | F20: 8H | G20: =80*60*8 -> 38400 | H20: 34800 | I20: Tài | J20: Chỉnh kẹp 30'
A21: 11 | B21: 060600-U34W-4 | C21: HEX(UPSET) S,P/W | D21: 6*60 | E21: 48000 | F21: 8H | G21: =100*60*8 -> 48000 | H21: 48000 | I21: Tài | J21: Thay NL 10'
A22: 12 | B22: 050220-T16H | C22: SCR TPG TRS 5*22 | D22: 5*22 | E22: 45100 | F22: 10H30' | G22: =98*60*10.5 -> 61740 | H22: 45100 | I22: N.anh | J22: Chỉnh méo, mài búa 1, 3H' Thay Punch 10'
A23: 13 | B23: 050160-FS2W-APZ | C23: FL + TTS-S 3P SLOT | D23: 5*16 | E23: 62200 | F23: 10H30' | G23: =110*60*10.5 -> 69300 | H23: 62200 | I23: N.anh | J23: Chỉnh Dao, Thay PUNCH 1H' Thay Punch 30'
A24: 14 | B24: 050160-TM5R | C24: TH M/S(STS430) | D24: 5*16 | E24: 54200 | F24: 10H30' | G24: =95*60*10.5 -> 59850 | H24: 54200 | I24: N.anh | J24: Thay Punch 60'
A25: 15 | B25: 040120-T22W-1 | C25: SCREW A | D25: 4*12 | E25: 114000 | F25: 11H | G25: =180*60*11 -> 118800 | H25: 114000 | I25: Thịnh | J25: Thay PIN' Vệ sinh lọc dầu , 30'
A26: 16 | B26: 040120-T12W | C26: TH T/S-1(Y) | D26: 4*12 | E26: =110000+110000 -> 220000 | F26: 12H | G26: =180*60*12 -> 129600 | H26: 127500 | I26: Thịnh | J26: Thay Nl 10'
A27: 17 | B27: 040120-T12W | C27: TH T/S-1(Y) | D27: 4*12 | E27: =17500+18000 -> 35500 | F27: 12H | G27: =180*60*12 -> 129600 | H27: 128000 | I27: Thịnh | J27: Thay Nl 10'
A28: 18 | B28: 040140-B62W | C28: BH T/S-2(NO CUTTING) | D28: 4*14 | E28: =97000+84000+84900 -> 265900 | F28: 11H | G28: =180*60*12 -> 129600 | H28: =97000 -> 97000 | I28: Thịnh | J28: Rút khuôn, thay khuôn 2H10' Sang máy 15 sửa 30'
A29: 20 | B29: 040140-B62W | C29: BH T/S-2(NO CUTTING) | D29: 4*14 | F29: 8H | G29: =180*60*8 -> 86400 | H29: 84000 | I29: Phú | J29: Thay bake 10'
A30: 28 | B30: 040140-B62W | C30: BH T/S-2(NO CUTTING) | D30: 4*14 | F30: 8H30 | G30: =180*60*8.5 -> 91800 | H30: 84900 | I30: Dũng | J30: Không có thùng 30'
A31: 19 | B31: 040100-TC2W-1 | C31: TH TTS-C T/W | D31: 4*10 | E31: =90000+94000 -> 184000 | F31: 9H | G31: =180*60*9 -> 97200 | H31: =90000 -> 90000 | I31: Phú | J31: Thay bake chỉnh méo 35' Chỉnh chiều cao đầu 25'
A32: 26 | B32: 040100-TC2W-1 | C32: TH TTS-C T/W | D32: 4*10 | F32: 9H | G32: =180*60*9 -> 97200 | H32: 94000 | I32: Vũ | J32: Thay bake 10' Thay Nl 10'
A33: 21 | B33: 040140-T65H | C33: TH /S-2 (STS430) | D33: 4*14 | E33: 70000 | F33: 9H | G33: =155*60*9 -> 83700 | H33: 70000 | I33: Phú | J33: Đợi Nl 35' Thay bake 20' chỉnh méo 20'
A34: 22 | B34: 040080-T22W | C34: TH T/S-2S | D34: 4*8 | E34: 88500 | F34: 9H | G34: =180*60*9 -> 97200 | H34: 88500 | I34: Phú | J34: Thay bake 10' Chỉnh méo 25'
A35: 23 | B35: 040160-T12W | C35: TH T/S-1 | D35: 4*16 | E35: 96000 | F35: 9H | G35: =180*60*9 -> 97200 | H35: 96000 | I35: Vũ | J35: Thay Nl 10'
A36: 24 | B36: 040120-TP2W-S | C36: TH TTS-P SE(2line) | D36: 4*12 | E36: =90000+88300 -> 178300 | F36: 8H | G36: =180*60*8 -> 86400 | H36: =90000 -> 90000 | I36: Vũ | J36: Thay Nl 10'
A37: 31 | B37: 040120-TP2W-S | C37: TH TTS-P SE(2line) | D37: 4*12 | F37: 9H | G37: =180*60*9 -> 97200 | H37: 88300 | I37: Dũng | J37: Hư ốc xiết Bake ,búa 2,30'
A38: 25 | B38: 040120-T16H-5 | C38: TH T/S-1 PVC/W | D38: 4*12 | E38: 25000 | F38: 8H | G38: =150*60*8 -> 72000 | H38: 25000 | I38: Vũ | J38: Chỉnh Nứt đầu 5H30'
A39: 27 | B39: 040080-TS2W | C39: TH TTS-S | D39: 4*8 | E39: 86000 | F39: 8H | G39: =180*60*8 -> 86400 | H39: 86000 | I39: Vũ | J39: Thay Nl 10'
A40: 29 | B40: 040120-T22W | C40: TH T/S-2S | D40: 4*12 | E40: 45900 | F40: 8H30 | G40: =180*60*8.5 -> 91800 | H40: 45900 | I40: Dũng | J40: Hư búa 1, chờ thao tác, không có thùng 4H
A41: 30 | B41: 030120-P26H | C41: PH T/S-2S(STS304) | D41: 3*12 | F41: 8H | G41: =180*60*8 -> 86400 | I41: Dũng | J41: Máy hư chốt tống đợi bảo trì
A42: 50 | B42: 030060-PB2W-A | C42: PH (LARGE) TTS-B | D42: 3*6 | E42: =83500+95000 -> 178500 | F42: 9H | G42: =178*60*9 -> 96120 | H42: =83500 -> 83500 | I42: Điệp | J42: Đợi thao tác 30''
A43: 55 | B43: 030060-PB2W-A | C43: PH (LARGE) TTS-B | D43: 3*6 | F43: 9H | G43: =180*60*9 -> 97200 | H43: 95000 | I43: Điệp | J43: Thay bake 10'
A44: 51 | B44: 030060-BB2W | C44: BH TTS-B | D44: 3*6 | E44: =58000+93000 -> 151000 | F44: 9H | G44: =180*60*9 -> 97200 | H44: =58000 -> 58000 | I44: Điệp | J44: Cài đặt 1H30', Không thùng sắt 2H15 Chỉnh méo nứt đầu 2H50'
A45: 54 | B45: 030060-BB2W | C45: BH TTS-B | D45: 3*6 | F45: 9H | G45: =180*60*9 -> 97200 | H45: 93000 | I45: Điệp | J45: Thay bake 10' Giảm lot búa 1 , 20'
A46: 52 | B46: 030080-P22W | C46: PH T/S-2S | D46: 3*8 | E46: 88000 | F46: 9H | G46: =180*60*9 -> 97200 | H46: 88000 | I46: Điệp | J46: Thiếu liệu 30'
A47: 53 | B47: 030100-B62W | C47: BH T/S-2(NO CUTTING) | D47: 3*10 | E47: 78000 | F47: 9H | G47: =180*60*9 -> 97200 | H47: 78000 | I47: Điệp | J47: Thiếu liệu 30' Nghỉ trưa N.G tắt máy 1H
A48: Total | H48: =SUM(H7:H47) -> 2585900

Sheet 15.10   
A1: KẾ HOẠCH SẢN XUẤT HÀNG NGÀY | J1: Phụ Trách | K1: Kiểm tra | L1: Phê Duyệt
A4: Date: 2020.10.15
A5: M/C | B5: Item Code | C5: Item | D5: Spec | E5: Waiting H/D | F5: Work time production | G5: Planing production | H5: Production performance | I5: Staff | J5: Remark
E6: 햇딩대기 13.10.20 | F6: 작업시간 | G6: 생산계획 | H6: 생산실적
A7: 1 | B7: 100550-YM1W-Z | C7: LEG BOLT | D7: 10*55 | E7: 200000 | F7: 10H30' | G7: =47*60*10.5 -> 29610 | H7: 23000 | I7: Kha | J7: Thay liệu 10', thay lót K3 1H30' Vệ sinh lọc dầu 35'
A8: 2 | B8: 080660-U51A-2D | C8: BOLT DAMPER P/W | D8: 8*66 | E8: 249500 | F8: 10H30' | G8: =44*60*10.5 -> 27720 | H8: 25000 | I8: Thiên | J8: Không có thùng 1H
A9: 3 | B9: 080315-JM6R-DH | C9: SPIDER BOLT | D9: 8*31.5 | E9: 314900 | F9: 10H30' | G9: =55*60*10.5 -> 34650 | H9: 28000 | I9: Khang | J9: Thay NL 10'Sửa búa 1 ,2H Thay pin 3 , 10'
A10: 4 | B10: 100350-F51A-D | C10: F/L BOLT Ph? m? | D10: 10*35 | E10: 438600 | F10: 10H30' | G10: =65*60*10.5 -> 40950 | H10: 31000 | I10: Khang | J10: Sửa khuôn 2, 30' Không có thùng 2H30'
A11: 5 | B11: 071245-F14W | C11: BOLT FIXER | D11: 7*124 | E11: 729999 | F11: 10H30' | G11: =50*60*10.5 -> 31500 | I11: Thiên | J11: Đợi bảo trì sửa máy
A12: 6 | B12: 080300-F35L-S | C12: FL M/S SE(STS430) | D12: 8*30 | E12: 339500 | F12: 10H30' | G12: =42*60*10.5 -> 26460 | H12: 6000 | I12: Thiên | J12: Change item
A13: 6 | B13: 060351-FMFW-DP | C13: FL + BOLT | D13: 6*31.5 | E13: 200000 | F13: 10H30' | G13: =42*60*10.5 -> 26460 | H13: 6000 | I13: Quang | J13: Thay khuôn 4H
A14: 7A | B14: 780420-F64W-2 | C14: FL T/S-2 P/W (Wait) | D14: 7.8*42 | E14: 974000 | F14: 9H30' | G14: =138*60*9.5 -> 78660 | H14: 45000 | I14: Quang | J14: Không có thùng 4H. Thay NL 10'
A15: 7 | B15: 650320-F62W-SP | C15: BASE | D15: 6.5*32 | E15: 2402100 | F15: 9H30' | G15: =138*60*9.5 -> 78660 | H15: =78000 -> 78000 | I15: Quang | J15: Thay bake 10' Thay Nl 10'
A16: 8A | B16: 080300-F35L-S | C16: FL M/S SE(STS430) | D16: 8*30 | E16: 339500 | F16: 8H | G16: =52*60*8 -> 24960 | H16: =15000 -> 15000 | I16: Quang | J16: Không có thùng 1H Thay NL 10'
A17: 8 | B17: 080290-FM6R-D | C17: SPIDER BOLT | D17: 8*29 | E17: 213000 | F17: 8H | G17: =52*60*8 -> 24960 | H17: 25500 | I17: Tuấn | J17: Thay NL 10'
A18: 9A | B18: 650320-F62W-SP | C18: BASE | D18: 6.5*32 | E18: 2402100 | F18: 8H | G18: =95*60*8 -> 45600 | H18: 45000 | I18: Tuấn | J18: Thay bake 10' Thay Nl 10'
A19: 9 | B19: 040120-Z12W-T | C19: TORX SCREW | D19: 4*12 | E19: 49000 | F19: 8H | G19: =55*60*8 -> 26400 | H19: 26000 | I19: Vũ | J19: Thay NL 10'
A20: 10 | B20: 050160-U62W-P | C20: HEX(UP)+BOLT T/S-2 | D20: 5*16 | E20: 233900 | F20: 8H | G20: =84*60*8 -> 40320 | H20: 23000 | I20: Vũ | J20: Không có thùng 1H30' Thay sửa búa 1,2H
A21: 11 | B21: 060600-U34W-4 | C21: HEX(UPSET) S,P/W | D21: 6*60 | E21: 996599 | F21: 8H | G21: =100*60*8 -> 48000 | H21: 40000 | I21: Vũ | J21: Không có thùng 1H20' Thay NL 10'
A22: 12 | B22: 050220-T16H | C22: SCR TPG TRS 5*22 | D22: 5*22 | E22: 185500 | F22: 10H30' | G22: =110*60*10.5 -> 69300 | H22: 43100 | I22: Dũng | J22: Thay bake ,chờ thao tác 30' thay khuôn,g/c búa 1, nứt bake1H 55'
A23: 13 | B23: 050160-FS2W-APZ | C23: FL + TTS-S 3P SLOT | D23: 5*16 | E23: 364800 | F23: 10H30' | G23: =110*60*10.5 -> 69300 | H23: 57800 | I23: Dũng | J23: Thay PIN búa 1 ,15'
A24: 14 | B24: 050160-TM5R | C24: TH M/S(STS430) | D24: 5*16 | E24: 96500 | F24: 10H30' | G24: =96*60*10.5 -> 60480 | H24: 46900 | I24: Dũng | J24: Thay bake 10' Gãy chốt búa 1, 25' Vệ sinh lọc dầu , thay bake 40'
A25: 15 | B25: 040120-T22W-1 | C25: SCREW A | D25: 4*12 | E25: 1752300 | F25: 12H | G25: =180*60*12 -> 129600 | H25: 115800 | I25: Thịnh | J25: Bể khuôn 1H40' Sửa máy 16, 50'
A26: 16 | B26: 040120-T12W | C26: TH T/S-1(Y) | D26: 4*12 | E26: 1693000 | F26: 12H | G26: =180*60*12 -> 129600 | H26: =109000 -> 109000 | I26: Thịnh | J26: Hư búa , dao 1H
A27: 17 | B27: 040120-T12W | C27: TH T/S-1(Y) | D27: 4*12 | E27: 1693000 | F27: 12H | G27: =180*60*12 -> 129600 | H27: 130000 | I27: Thịnh | J27: Thay Nl 10'
A28: 18 | B28: 040140-B62W | C28: BH T/S-2(NO CUTTING) | D28: 4*14 | E28: 2091600 | F28: 12H | G28: =180*60*12 -> 129600 | H28: =113000 -> 113000 | I28: Thịnh | J28: Rút khuôn 20' Tăng ca giờ cơm tự tắt
A29: 19 | B29: 040100-TC2W-1 | C29: TH TTS-C T/W | D29: 4*10 | E29: 2405000 | F29: 12H | G29: =180*60*12 -> 129600 | H29: 12000 | I29: Tài | J29: Thay Nl 10'
A30: 19 | B30: 040100-TC2W-1 | C30: TH TTS-C T/W | D30: 4*10 | E30: 2405000 | F30: 12H | G30: =180*60*12 -> 129600 | H30: =111000 -> 111000 | I30: Tài | J30: Thay NL 10'
A31: 20 | B31: 040140-B62W | C31: BH T/S-2(NO CUTTING) | D31: 4*14 | E31: 2091600 | F31: 11H | G31: =180*60*11 -> 118800 | H31: 116000 | I31: Tài | J31: Thay Nl 10'
A32: 21 | B32: 040140-T65H | C32: TH /S-2 (STS430) | D32: 4*14 | E32: 142500 | F32: 11H | G32: =180*60*11 -> 118800 | H32: 93400 | I32: Tài | J32: Đổi Đơn mới
A33: 22 | B33: 030180-P211-Q | C33: PH T/S -2S | D33: 3*18 | E33: 11200 | F33: 11H | G33: =180*60*11 -> 118800 | H33: 15000 | I33: Tài | J33: Setting 4H
A34: 22 | B34: 040080-T22W | C34: TH T/S-2S | D34: 4*8 | E34: 2800000 | F34: 11H | G34: =180*60*11 -> 118800 | H34: 47500 | I34: Tài | J34: Thay bake 10''
A35: 23 | B35: 040160-T12W | C35: TH T/S-1 | D35: 4*16 | E35: 438000 | F35: 11H | G35: =180*60*11 -> 118800 | H35: 105000 | I35: Phú | J35: Thay bake chỉnh méo 30'
A36: 24 | B36: 040120-TP2W-S | C36: TH TTS-P SE(2line) | D36: 4*12 | E36: 6031000 | F36: 12H | G36: =180*60*12 -> 129600 | H36: =124000 -> 124000 | I36: Phú | J36: Thay bake 10''
A37: 25 | B37: 040120-T16H-5 | C37: TH T/S-1 PVC/W | D37: 4*12 | E37: 50000 | F37: 11H | G37: =180*60*11 -> 118800 | H37: 8500 | I37: Phú | J37: Cài đặt 1H30', Không thùng sắt 2H15 Chỉnh méo nứt đầu 2H50'
A38: 26 | B38: 040100-TC2W-1 | C38: TH TTS-C T/W | D38: 4*10 | E38: 2405000 | F38: 12H | G38: =180*60*12 -> 129600 | H38: 119000 | I38: Phú | J38: Thay bake 15' Chỉnh méo 40'
A39: 27 | B39: 040080-TS2W | C39: TH TTS-S | D39: 4*8 | E39: 300000 | F39: 8H | G39: =180*60*8 -> 86400 | H39: 17000 | I39: Phú | J39: Setting 6H change Item
A40: 28 | B40: 040140-B62W | C40: BH T/S-2(NO CUTTING) | D40: 4*14 | E40: 2091600 | F40: 12H | G40: =180*60*12 -> 129600 | H40: 109000 | I40: Điệp | J40: Hết thùng 1H50',Thay bake 10' Thay NVL 10'
A41: 29 | B41: 040120-T22W | C41: TH T/S-2S | D41: 4*12 | E41: 2400000 | F41: 12H | G41: =180*60*12 -> 129600 | H41: 116000 | I41: Điệp | J41: Hết thùng 1H40',Thay bake 10' Thay NVL 10'
A42: 30 | B42: 030120-P26H | C42: PH T/S-2S(STS304) | D42: 3*12 | E42: 67200 | F42: 12H | G42: =180*60*12 -> 129600 | I42: Điệp | J42: Máy hư chốt tống đợi bảo trì
A43: 31 | B43: 040120-TP2W-S | C43: TH TTS-P SE(2line) | D43: 4*12 | E43: 6031000 | F43: 11H | G43: =180*60*11 -> 118800 | H43: 51000 | I43: Điệp | J43: Hết thùng 3H20',Thay bake 10' Thay NVL 10'
A44: 50 | B44: 030060-PB2W-A | C44: PH (LARGE) TTS-B | D44: 3*6 | E44: 2319100 | F44: 12H | G44: =180*60*12 -> 129600 | H44: =124500 -> 124500 | I44: N.anh | J44: Thay PUNCH 40' , Thay ốc đầu búa 10''
A45: 51 | B45: 030060-BB2W | C45: BH TTS-B | D45: 3*6 | E45: 2381100 | F45: 12H | G45: =180*60*12 -> 129600 | H45: =49200 -> 49200 | I45: N.anh | J45: Thay PUNCH chỉnh méo 3h' , đợi công nhân thao tác 5h''
A46: 52 | B46: 030080-P22W | C46: PH T/S-2S | D46: 3*8 | E46: 418800 | F46: 12H | G46: =180*60*12 -> 129600 | H46: 76900 | I46: N.anh | J46: Chỉnh dao chỉnh méo 5H10'
A47: 53 | B47: 030100-B62W | C47: BH T/S-2(NO CUTTING) | D47: 3*10 | E47: 408000 | F47: 12H | G47: =180*60*12 -> 129600 | H47: 123000 | I47: N.anh | J47: Thay PUNCH chỉnh méo 40' ,
A48: 54 | B48: 030060-BB2W | C48: BH TTS-B | D48: 3*6 | E48: 2381100 | F48: 12H | G48: =180*60*12 -> 129600 | H48: =112800 -> 112800 | I48: N.anh | J48: Thay PUNCH Lò xo búa 1H30' ,
A49: 55 | B49: 030060-PB2W-A | C49: PH (LARGE) TTS-B | D49: 3*6 | E49: 2319100 | F49: 12H | G49: =180*60*12 -> 129600 | H49: 113900 | I49: N.anh | J49: Thay PUNCH chỉnh méo 1H20' ,
A50: Total | H50: =SUM(H7:H49) -> 2676800

Sheet 14.10  
A1: KẾ HOẠCH SẢN XUẤT HÀNG NGÀY | J1: Phụ Trách | K1: Kiểm tra | L1: Phê Duyệt
A4: Date: 2020.10.14
A5: M/C | B5: Item Code | C5: Item | D5: Spec | E5: Waiting H/D | F5: Work time production | G5: Planing production | H5: Production performance | I5: Staff | J5: Remark
E6: 햇딩대기 13.10.20 | F6: 작업시간 | G6: 생산계획 | H6: 생산실적
A7: 1 | B7: 100550-YM1W-Z | C7: LEG BOLT | D7: 10*55 | E7: 21000 | F7: 10H30' | G7: =47*60*10.5 -> 29610 | H7: 22000 | I7: Kha | J7: Thay liệu 10', thay lót K3 2H30' Thay liệu 10'
A8: 2 | B8: 080660-U51A-2D | C8: BOLT DAMPER P/W | D8: 8*66 | E8: 24500 | F8: 10H30' | G8: =44*60*10.5 -> 27720 | H8: 20000 | I8: Thiên | J8: Sửa khuôn 3H'
A9: 3 | B9: 080315-JM6R-DH | C9: SPIDER BOLT | D9: 8*31.5 | E9: 34400 | F9: 10H30' | G9: =55*60*10.5 -> 34650 | H9: 33000 | I9: Khang | J9: Thay NL 10' Thay pin 3 , 10'
A10: 4 | B10: 080315-JM6R-DH | C10: SPIDER BOLT | D10: 8*31.5 | F10: 10H30' | G10: =65*60*10.5 -> 40950 | H10: 34000 | I10: Khang | J10: Cài đặt khuôn 2H
A11: 5 | B11: 100350-F51A-D | C11: F/L BOLT Ph? m? | D11: 10*35 | E11: 29000 | F11: 10H30' | G11: =50*60*10.5 -> 31500 | H11: 31000 | I11: Thiên
A12: 6 | B12: 081100-F641-D | C12: FL T/S-2 STEP(2LINE) | D12: 8*110 | E12: 14000 | F12: 10H30' | G12: =42*60*10.5 -> 26460 | H12: 27000 | I12: Thiên | J12: Thay NL 10'
A13: 7A | B13: 071245-F14W | C13: BOLT FIXER | D13: 7*124 | F13: 10H30' | G13: =139*60*10.5 -> 87570 | H13: 75000 | I13: Quang | J13: Thay khuôn 2,Thay dấu 1H
A14: 7 | B14: 060351-FMFW-DP | C14: FL + BOLT | D14: 6*31.5 | F14: 10H30' | G14: =138*60*10.5 -> 86940 | H14: 53000 | I14: Quang | J14: Cài đặt khuôn 3H. Thay NL 10'
A15: 8A | B15: 780420-F64W-2 | C15: FL T/S-2 P/W (Wait) | D15: 7.8*42 | E15: 73000 | F15: 8H | G15: =50*60*8 -> 24000 | H15: =12000 -> 12000 | I15: Quang | J15: Chờ búa 2 TỪ phòng khuôn 4H
A16: 8 | B16: 780420-F64W-2 | C16: FL T/S-2 P/W (Wait) | D16: H/D - S/R - H/T - P/T - ST/PK - P/K | F16: 9H30' | G16: =52*60*9.5 -> 29640 | H16: 18500 | I16: Tuấn | J16: Cài đặt khuôn 1H30',Sửa búa 2 1H15 HƯ lót chờ phòng khuôn 30''
A17: 9A | B17: 650320-F62W-SP | C17: BASE | D17: 6.5*32 | E17: =83000+24000 -> 107000 | F17: 8H | G17: =100*60*8 -> 48000 | I17: Tuấn | J17: Chờ khuôn từ phòng khuôn
A18: 9 | B18: 080300-F35L-S | C18: FL M/S SE(STS430) | D18: 8*30 | E18: =25000+31000 -> 56000 | F18: 9H30' | G18: =55*60*9.5 -> 31350 | H18: 32000 | I18: Vũ
A19: 10 | B19: 030862-Z06H | C19: SHAFT HINGE | D19: 3*86.2 | F19: 9H30' | G19: =84*60*9.5 -> 47880 | H19: 31100 | I19: Vũ | J19: Cài đặt khuôn 3H
A20: 11 | B20: 080290-FM6R-D | C20: SPIDER BOLT | D20: 8*29 | E20: 33000 | F20: 8H | G20: =100*60*8 -> 48000 | H20: 47400 | I20: Vũ | J20: Thay NL 10'
A21: 12 | B21: 040120-Z12W-T | C21: TORX SCREW | D21: 4*12 | E21: 26000 | F21: 8H | G21: =89*60*8 -> 42720 | I21: Dũng | J21: Đợi khuôn từ phòng khuôn
A22: 13 | B22: 050160-U62W-P | C22: HEX(UP)+BOLT T/S-2 | D22: 5*16 | E22: 35000 | F22: 8H | G22: =110*60*8 -> 52800 | H22: 52600 | I22: Dũng
A23: 14 | B23: 060600-U34W-4 | C23: HEX(UPSET) S,P/W | D23: 6*60 | E23: 48000 | F23: 8H | G23: =96*60*8 -> 46080 | H23: 40800 | I23: Dũng | J23: Thay PIN khuôn 35' Thay bake 10'
A24: 24 | B24: 050220-T16H | C24: SCR TPG TRS 5*22 | D24: 5*22 | E24: 14500 | F24: 11H30' | G24: =180*60*11.5 -> 124200 | H24: 118000 | I24: Phú | J24: Thay bake 20'
A25: 21 | B25: 050160-FS2W-APZ | C25: FL + TTS-S 3P SLOT | D25: 5*16 | E25: 50700 | F25: 10H30' | G25: =160*60*10.5 -> 100800 | H25: 86500 | I25: Tài | J25: N.G khuôn đợi 45 '
A26: 22 | B26: 050160-TM5R | C26: TH M/S(STS430) | D26: 5*16 | E26: 54400 | F26: 8H | G26: =180*60*8 -> 86400 | I26: Tài | J26: Cài đặt khuôn
A27: 30 | B27: 040120-TP2W-S | C27: TH TTS-P SE(2line) | D27: 4*12 | E27: 93000 | F27: 10H30' | G27: =130*60*10.5 -> 81900 | H27: 76000 | I27: Điệp | J27: Thay bake 20' Thay Nl 10'
A28: 25 | B28: 040140-T65H | C28: TH /S-2 (STS430) | D28: 4*14 | E28: 64000 | F28: 11H | G28: =180*60*11 -> 118800 | H28: 118000 | I28: Phú | J28: Thay bake 10'
A29: 18 | B29: 030180-P211-Q | C29: PH T/S -2S | D29: 3*18 | E29: 65800 | F29: 12H | G29: =180*60*12 -> 129600 | H29: =130000 -> 130000 | I29: Thịnh
A30: 20 | B30: 040080-T22W | C30: TH T/S-2S | D30: 4*8 | F30: 12H | G30: =180*60*12 -> 129600 | H30: 127500 | I30: Điệp | J30: Thay NL 10'
A31: 28 | B31: 030120-P26H | C31: PH T/S-2S(STS304) | D31: 3*12 | F31: 11H | G31: =180*60*11 -> 118800 | H31: 116000 | I31: Tài | J31: Thay bake 10' Thay Nl 10'
A32: 31 | B32: 040140-J12W | C32: Ð?c Thù ?c Vít | D32: 4*14 | F32: 8H | G32: =150*60*8 -> 72000 | I32: Điệp | J32: N.G khuôn đợi phòng khuôn
A33: 19 | B33: 040120-T16H-5 | C33: TH T/S-1 PVC/W | D33: 4*12 | F33: 12H | G33: =180*60*12 -> 129600 | H33: =132300 -> 132300 | I33: Tài
A34: 26 | B34: 040100-T16H | C34: SCR TPG TRS 4x10 | D34: 4*10 | F34: 11H | G34: =180*60*11 -> 118800 | H34: 118000 | I34: Phú | J34: Thay bake 10''
A35: 17 | B35: 040140-B62W | C35: BH T/S-2(NO CUTTING) | D35: 4*14 | E35: =130000+96500+100000 -> 326500 | F35: 12H | G35: =180*60*12 -> 129600 | H35: 128000 | I35: Thịnh | J35: Thay NL 10'
A36: 16 | B36: 040100-TC2W-1 | C36: TH TTS-C T/W | D36: 4*10 | E36: 99600 | F36: 11H30' | G36: =180*60*11.5 -> 124200 | I36: Thịnh | J36: Đợi cụm búa từ phòng khuôn
A37: 15 | B37: 040100-TC2W-1 | C37: TH TTS-C T/W | D37: 4*10 | E37: 85000 | F37: 12H | G37: =180*60*12 -> 129600 | H37: =127000 -> 127000 | I37: Thịnh | J37: Thay bake 10' Thay Nl 10'
A38: 29 | B38: 040120-T12W | C38: TH T/S-1(Y) | D38: 4*12 | E38: 75000 | F38: 12H | G38: =180*60*12 -> 129600 | H38: 127000 | I38: Điệp | J38: Thay bake 10' Thay Nl 10'
A39: 23 | B39: 040120-T12W | C39: TH T/S-1(Y) | D39: 4*12 | E39: =42000+119000 -> 161000 | F39: 11H | G39: =170*60*11 -> 112200 | H39: 110000 | I39: Phú | J39: Thay bake 10' Thay Nl 10'
A40: 27 | B40: 040120-T22W-1 | C40: SCREW A | D40: 4*12 | E40: 10000 | F40: 10H30' | G40: =180*60*10.5 -> 113400 | H40: 60000 | I40: Điệp | J40: Setting 4H , Chỉnh méo 50'
A41: 51 | B41: 040120-T22W-1 | C41: SCREW A | D41: 4*12 | E41: 129000 | F41: 12H | G41: =180*60*12 -> 129600 | H41: =129300 -> 129300 | I41: N.anh | J41: Thay bake 10'
A42: 54 | B42: 040120-T22W | C42: TH T/S-2S | D42: 4*12 | F42: 12H | G42: =180*60*12 -> 129600 | H42: 88800 | I42: N.anh | J42: Thay PUNCH ' , búa 1 , 3H
A43: 52 | B43: 040160-T12W | C43: TH T/S-1 | D43: 4*16 | E43: 81000 | F43: 12H | G43: =180*60*12 -> 129600 | H43: 106100 | I43: N.anh | J43: Thay lò xo , Chỉnh méo 2H Trưa tự tắt 1H
A44: 53 | B44: 030070-P62W-D | C44: PH T/S-2(NO CUTTING) | D44: 3*7 | E44: 52000 | F44: 11H30' | G44: =180*60*11.5 -> 124200 | H44: 69400 | I44: N.anh | J44: Chỉnh dao' , Chỉnh méo 3H' Đợi mài dao 2H
A45: 50 | B45: 040080-TS2W | C45: TH TTS-S | D45: 4*8 | F45: 12H | G45: =180*60*12 -> 129600 | H45: =128200+119800 -> 248000 | I45: N.anh | J45: Thay PUNCH , Chỉnh méo 20'
B46: 030140-PB1W-4 | C46: PH TTS-B S,P/W | D46: 3*14
B47: 030060-BB2W | C47: BH TTS-B | D47: 3*6 | E47: =85500+89700 -> 175200
B48: 030080-P22W | C48: PH T/S-2S | D48: 3*8 | E48: 60200
B49: 030100-B62W | C49: BH T/S-2(NO CUTTING) | D49: 3*10 | E49: 93300
B50: 030060-PB2W-A | C50: PH (LARGE) TTS-B | D50: 3*6 | E50: =90100+77100 -> 167200
A52: 55 | F52: 12H | G52: =180*60*12 -> 129600 | H52: 96700 | I52: N.anh | J52: Thay PUNCH , Chỉnh méo 50'
A53: Total | H53: =SUM(H7:H52) -> 2842000

Sheet 13.10  
A1: KẾ HOẠCH SẢN XUẤT HÀNG NGÀY | J1: Phụ Trách | K1: Kiểm tra | L1: Phê Duyệt
A4: Date: 2020.10.14
A5: M/C | B5: Item Code | C5: Item | D5: Spec | E5: Waiting H/D | F5: Work time production | G5: Planing production | H5: Production performance | I5: Staff | J5: Remark
E6: 햇딩대기 13.10.20 | F6: 작업시간 | G6: 생산계획 | H6: 생산실적
A7: 1 | B7: 100550-YM1W-Z | C7: LEG BOLT | D7: 10*55 | E7: 221000 | F7: 10H30' | G7: =47*60*10.5 -> 29610 | H7: 22000 | I7: Kha | J7: Thay liệu 10', thay lót K3 2H30' Thay liệu 10'
A8: 2 | B8: 080660-U51A-2D | C8: BOLT DAMPER P/W | D8: 8*66 | E8: 274000 | F8: 10H30' | G8: =44*60*10.5 -> 27720 | H8: 20000 | I8: Thiên | J8: Sửa khuôn 3H'
A9: 3 | B9: 080315-JM6R-DH | C9: SPIDER BOLT | D9: 8*31.5 | E9: 349300 | F9: 10H30' | G9: =55*60*10.5 -> 34650 | H9: 33000 | I9: Khang | J9: Thay NL 10' Thay pin 3 , 10'
A10: 4 | B10: 100350-F51A-D | C10: F/L BOLT Ph? m? | D10: 10*35 | E10: 467600 | F10: 10H30' | G10: =65*60*10.5 -> 40950 | H10: 34000 | I10: Khang | J10: Cài đặt khuôn 2H
A11: 5 | B11: 081100-F641-D | C11: FL T/S-2 STEP(2LINE) | D11: 8*110 | E11: 52000 | F11: 10H30' | G11: =50*60*10.5 -> 31500 | H11: 31000 | I11: Thiên
A12: 6 | B12: 080300-F35L-S | C12: FL M/S SE(STS430) | D12: 8*30 | E12: 395500 | F12: 10H30' | G12: =42*60*10.5 -> 26460 | H12: 27000 | I12: Thiên | J12: Thay NL 10'
A13: 7A | B13: 780420-F64W-2 | C13: FL T/S-2 P/W (Wait) | D13: 7.8*42 | E13: 1047000 | F13: 10H30' | G13: =139*60*10.5 -> 87570 | H13: 75000 | I13: Quang | J13: Thay khuôn 2,Thay dấu 1H
A14: 7 | B14: 650320-F62W-SP | C14: BASE | D14: 6.5*32 | E14: 2509100 | F14: 10H30' | G14: =138*60*10.5 -> 86940 | H14: 53000 | I14: Quang | J14: Cài đặt khuôn 3H. Thay NL 10'
A15: 8A | B15: 080300-F35L-S | C15: FL M/S SE(STS430) | D15: 8*30 | E15: 395500 | F15: 8H | G15: =50*60*8 -> 24000 | H15: =12000 -> 12000 | I15: Quang | J15: Chờ búa 2 TỪ phòng khuôn 4H
A16: 8 | B16: 080290-FM6R-D | C16: SPIDER BOLT | D16: 8*29 | E16: 246000 | F16: 9H30' | G16: =52*60*9.5 -> 29640 | H16: 18500 | I16: Tuấn | J16: Cài đặt khuôn 1H30',Sửa búa 2 1H15 HƯ lót chờ phòng khuôn 30''
A17: 9A | B17: 650320-F62W-SP | C17: BASE | D17: 6.5*32 | E17: 2509100 | F17: 8H | G17: =100*60*8 -> 48000 | I17: Tuấn | J17: Chờ khuôn từ phòng khuôn
A18: 9 | B18: 040120-Z12W-T | C18: TORX SCREW | D18: 4*12 | E18: 75000 | F18: 9H30' | G18: =55*60*9.5 -> 31350 | H18: 32000 | I18: Vũ
A19: 10 | B19: 050160-U62W-P | C19: HEX(UP)+BOLT T/S-2 | D19: 5*16 | E19: 268900 | F19: 9H30' | G19: =84*60*9.5 -> 47880 | H19: 31100 | I19: Vũ | J19: Cài đặt khuôn 3H
A20: 11 | B20: 060600-U34W-4 | C20: HEX(UPSET) S,P/W | D20: 6*60 | E20: 1044599 | F20: 8H | G20: =100*60*8 -> 48000 | H20: 47400 | I20: Vũ | J20: Thay NL 10'
A21: 12 | B21: 590048-Y01W-DZ | C21: RIVET B | D21: 5.9*4.8 | E21: 255100 | F21: 8H | G21: =89*60*8 -> 42720 | I21: Dũng | J21: Đợi khuôn từ phòng khuôn
A22: 13 | B22: 050160-FS2W-APZ | C22: FL + TTS-S 3P SLOT | D22: 5*16 | E22: 415500 | F22: 8H | G22: =110*60*8 -> 52800 | H22: 52600 | I22: Dũng
A23: 14 | B23: 050160-TM5R | C23: TH M/S(STS430) | D23: 5*16 | E23: 150900 | F23: 8H | G23: =96*60*8 -> 46080 | H23: 40800 | I23: Dũng | J23: Thay PIN khuôn 35' Thay bake 10'
A24: 24 | B24: 040120-TP2W-S | C24: TH TTS-P SE(2line) | D24: 4*12 | E24: 6124000 | F24: 11H30' | G24: =180*60*11.5 -> 124200 | H24: 118000 | I24: Phú | J24: Thay bake 20'
A25: 21 | B25: 040140-T65H | C25: TH /S-2 (STS430) | D25: 4*14 | E25: 206500 | F25: 10H30' | G25: =160*60*10.5 -> 100800 | H25: 86500 | I25: Tài | J25: N.G khuôn đợi 45 '
A26: 22 | B26: 030180-P211-Q | C26: PH T/S -2S | D26: 3*18 | E26: 77000 | F26: 8H | G26: =180*60*8 -> 86400 | I26: Tài | J26: Cài đặt khuôn
A27: 30 | B27: 030120-P26H | C27: PH T/S-2S(STS304) | D27: 3*12 | E27: 67200 | F27: 10H30' | G27: =130*60*10.5 -> 81900 | H27: 76000 | I27: Điệp | J27: Thay bake 20' Thay Nl 10'
A28: 25 | B28: 040100-P62W | C28: PH T/S-2(NO CUTTING) | D28: 4*10 | E28: 0 | F28: 11H | G28: =180*60*11 -> 118800 | H28: 118000 | I28: Phú | J28: Thay bake 10'
A29: 18 | B29: 040140-B62W | C29: BH T/S-2(NO CUTTING) | D29: 4*14 | E29: 2418100 | F29: 12H | G29: =180*60*12 -> 129600 | H29: =130000 -> 130000 | I29: Thịnh
A30: 20 | B30: 040140-B62W | C30: BH T/S-2(NO CUTTING) | D30: 4*14 | E30: 2418100 | F30: 12H | G30: =180*60*12 -> 129600 | H30: 127500 | I30: Điệp | J30: Thay NL 10'
A31: 28 | B31: 040140-B62W | C31: BH T/S-2(NO CUTTING) | D31: 4*14 | E31: 2418100 | F31: 11H | G31: =180*60*11 -> 118800 | H31: 116000 | I31: Tài | J31: Thay bake 10' Thay Nl 10'
A32: 31 | B32: 030150-P66H-ADS | C32: PH T/S-2 STEP SE | D32: 3*15 | E32: 200000 | F32: 8H | G32: =150*60*8 -> 72000 | I32: Điệp | J32: N.G khuôn đợi phòng khuôn
A33: 19 | B33: 040100-TC2W-1 | C33: TH TTS-C T/W | D33: 4*10 | E33: 2589600 | F33: 12H | G33: =180*60*12 -> 129600 | H33: =132300 -> 132300 | I33: Tài
A34: 26 | B34: 040100-TC2W-1 | C34: TH TTS-C T/W | D34: 4*10 | E34: 2589600 | F34: 11H | G34: =180*60*11 -> 118800 | H34: 118000 | I34: Phú | J34: Thay bake 10''
A35: 17 | B35: 040120-T12W | C35: TH T/S-1(Y) | D35: 4*12 | E35: 1929000 | F35: 12H | G35: =180*60*12 -> 129600 | H35: 128000 | I35: Thịnh | J35: Thay NL 10'
A36: 16 | B36: 040120-T12W | C36: TH T/S-1(Y) | D36: 4*12 | E36: 1929000 | F36: 11H30' | G36: =180*60*11.5 -> 124200 | I36: Thịnh | J36: Đợi cụm búa từ phòng khuôn
A37: 15 | B37: 040120-T22W-1 | C37: SCREW A | D37: 4*12 | E37: 1987300 | F37: 12H | G37: =180*60*12 -> 129600 | H37: =127000 -> 127000 | I37: Thịnh | J37: Thay bake 10' Thay Nl 10'
A38: 29 | B38: 040120-T22W-1 | C38: SCREW A | D38: 4*12 | E38: 1987300 | F38: 12H | G38: =180*60*12 -> 129600 | H38: 127000 | I38: Điệp | J38: Thay bake 10' Thay Nl 10'
A39: 23 | B39: 040160-T12W | C39: TH T/S-1 | D39: 4*16 | E39: 519000 | F39: 11H | G39: =170*60*11 -> 112200 | H39: 110000 | I39: Phú | J39: Thay bake 10' Thay Nl 10'
A40: 27 | B40: 030070-P62W-D | C40: PH T/S-2(NO CUTTING) | D40: 3*7 | E40: 1321000 | F40: 10H30' | G40: =180*60*10.5 -> 113400 | H40: 60000 | I40: Điệp | J40: Setting 4H , Chỉnh méo 50'
A41: 51 | B41: 030060-BB2W | C41: BH TTS-B | D41: 3*6 | E41: 1456300 | F41: 12H | G41: =180*60*12 -> 129600 | H41: =129300 -> 129300 | I41: N.anh | J41: Thay bake 10'
A42: 54 | B42: 030060-BB2W | C42: BH TTS-B | D42: 3*6 | E42: 1456300 | F42: 12H | G42: =180*60*12 -> 129600 | H42: 88800 | I42: N.anh | J42: Thay PUNCH ' , búa 1 , 3H
A43: 52 | B43: 030080-P22W | C43: PH T/S-2S | D43: 3*8 | E43: 479000 | F43: 12H | G43: =180*60*12 -> 129600 | H43: 106100 | I43: N.anh | J43: Thay lò xo , Chỉnh méo 2H Trưa tự tắt 1H
A44: 53 | B44: 030100-B62W | C44: BH T/S-2(NO CUTTING) | D44: 3*10 | E44: 501300 | F44: 11H30' | G44: =180*60*11.5 -> 124200 | H44: 69400 | I44: N.anh | J44: Chỉnh dao' , Chỉnh méo 3H' Đợi mài dao 2H
A45: 50 | B45: 030060-PB2W-A | C45: PH (LARGE) TTS-B | D45: 3*6 | E45: 2086300 | F45: 12H | G45: =180*60*12 -> 129600 | H45: =128200+119800 -> 248000 | I45: N.anh | J45: Thay PUNCH , Chỉnh méo 20'
A46: 55 | B46: 030060-PB2W-A | C46: PH (LARGE) TTS-B | D46: 3*6 | E46: 2086300 | F46: 12H | G46: =180*60*12 -> 129600 | H46: 96700 | I46: N.anh | J46: Thay PUNCH , Chỉnh méo 50'
A47: Total | H47: =SUM(H7:H46) -> 2842000

Sheet 12.10 
A1: KẾ HOẠCH SẢN XUẤT HÀNG NGÀY | J1: Phụ Trách | K1: Kiểm tra | L1: Phê Duyệt
A4: Date: 2020.10.13
A5: M/C | B5: Item Code | C5: Item | D5: Spec | E5: Waiting H/D | F5: Work time production | G5: Planing production | H5: Production performance | I5: Staff | J5: Remark
E6: 햇딩대기 12.10.20 | F6: 작업시간 | G6: 생산계획 | H6: 생산실적
A7: 1 | B7: 100550-YM1W-Z | C7: LEG BOLT | D7: 10*55 | E7: 260500 | F7: 8H | G7: =45*60*8 -> 21600 | H7: 17500 | I7: Kha | J7: Thay liệu 10', thay lót K3 65' kiểm tra bơm dầu 30'
A8: 2 | B8: 080660-U51A-2D | C8: BOLT DAMPER P/W | D8: 8*66 | E8: 300000 | F8: 8H | G8: =42*60*8 -> 20160 | H8: 6000 | I8: Thiên | J8: cài đặt khuôn 5h30'
A9: 3 | B9: 080315-JM6R-DH | C9: SPIDER BOLT | D9: 8*31.5 | E9: 416300 | F9: 10H30' | G9: =55*60*10.5 -> 34650 | H9: 20000 | I9: Tài | J9: Đổi chỉ thị công việc
A10: 3 | B10: 080315-JM6R-DH | C10: SPIDER BOLT | D10: 8*31.5 | E10: 416300 | F10: 10H30' | G10: =55*60*10.5 -> 34650 | H10: 14000 | I10: Tài
A11: 4 | B11: 080620-UM1A-2A | C11: HEX BOLT P/W B=13 | D11: 8*62 | E11: 1166300 | F11: 10H30' | G11: =70*60*10.5 -> 44100 | H11: 39000 | I11: Tài | J11: Đổi đơn setting
A12: 4 | B12: 100350-F51A-D | C12: F/L BOLT Ph? m? | D12: 10*35 | E12: 501600 | F12: 10H30' | G12: =55*60*8 -> 26400 | I12: Tài
A13: 5 | B13: 081100-F641-D | C13: FL T/S-2 STEP(2LINE) | D13: 8*110 | E13: 106000 | F13: 8H | G13: =50*60*8 -> 24000 | H13: 23000 | I13: Thiên | J13: Thay NL 20'
A14: 6 | B14: 080300-F35L-S | C14: FL M/S SE(STS430) | D14: 8*30 | E14: 470000 | F14: 8H | G14: =42*60*8 -> 20160 | H14: 18500 | I14: Thiên | J14: Hư búa 3 , 1H
A15: 7 | B15: 780420-F64W-2 | C15: FL T/S-2 P/W (Wait) | D15: 7.8*42 | E15: 1214000 | F15: 8H | G15: =130*60*8 -> 62400 | H15: 15000 | I15: Quang
A16: 7 | B16: 780420-F64W-2 | C16: FL T/S-2 P/W (Wait) | D16: 7.8*42 | E16: 1214000 | F16: 8H | G16: =130*60*8 -> 62400 | H16: =47000 -> 47000 | I16: Quang | J16: Thay Bake 20'
A17: 7A | B17: 780420-F64W-2 | C17: FL T/S-2 P/W (Wait) | D17: 7.8*42 | E17: 1214000 | F17: 8H | G17: =130*60*8 -> 62400 | H17: 30000 | I17: Quang | J17: cài đặt khuôn 4h30'
A18: 8A | B18: 080300-F35L-S | C18: FL M/S SE(STS430) | D18: 8*30 | E18: 470000 | F18: 8H | G18: =50*60*8 -> 24000 | H18: 17000 | I18: Quang | J18: Thay búa 2 + Thay bake 2H
A19: 8 | B19: 080290-FM6R-D | C19: SPIDER BOLT | D19: 8*29 | E19: 264500 | F19: 8H | G19: =45*60*8 -> 21600 | I19: Tuấn | J19: SETING 8H
A20: 9A | B20: 650320-F62W-SP | C20: BASE | D20: 6.5*32 | E20: 2562100 | F20: 8H | G20: =100*60*8 -> 48000 | I20: Tuấn | J20: Đơi khuôn Setting
A21: 9 | B21: 040120-Z12W-T | C21: TORX SCREW | D21: 4*12 | E21: 135000 | F21: 10H30' | G21: =45*60*10.5 -> 28350 | H21: 28000 | I21: Tuấn | J21: Thay NL 10'
A22: 10 | B22: 550160-T65H | C22: TH T/S-2 (STS430) | D22: 5.5*16 | E22: 250000 | F22: 8H | G22: =78*60*8 -> 37440 | H22: 38000 | I22: Tuấn | J22: Thay BAKE 15'
A23: 11 | B23: 060600-U34W-4 | C23: HEX(UPSET) S,P/W | D23: 6*60 | E23: 1136999 | F23: 8H | G23: =97*60*8 -> 46560 | H23: 45000 | I23: Tuấn | J23: Thay NL 20'
A24: 12 | B24: 590048-Y01W-DZ | C24: RIVET B | D24: 5.9*4.8 | E24: 270400 | F24: 8H | G24: =89*60*8 -> 42720 | H24: 15300 | I24: Dũng | J24: Thay van ống hơi 2H30' Gãy pin bể lót PIN khuôn 2H40'
A25: 13 | B25: 050160-FS2W-APZ | C25: FL + TTS-S 3P SLOT | D25: 5*16 | E25: 534900 | F25: 10H30' | G25: =105*60*10.5 -> 66150 | H25: 66800 | I25: Dũng | J25: Kiểm tra RPM
A26: 14 | B26: 050160-TM5R | C26: TH M/S(STS430) | D26: 5*16 | E26: 246600 | F26: 10H30' | G26: =89*60*10.5 -> 56070 | H26: 54900 | I26: Dũng | J26: Kiểm tra RPM
A27: 24 | B27: 040120-TP2W-S | C27: TH TTS-P SE(2line) | D27: 4*12 | E27: 3966000 | F27: 11H30' | G27: =180*60*11.5 -> 124200 | H27: 124000 | I27: Phú
A28: 21 | B28: 040140-T65H | C28: TH /S-2 (STS430) | D28: 4*14 | E28: 376000 | F28: 10H30' | G28: =150*60*10.5 -> 94500 | H28: 83000 | I28: Thịnh | J28: Vệ sinh ,chỉnh méo 20'
A29: 22 | B29: 030180-P211-Q | C29: PH T/S -2S | D29: 3*18 | E29: 77000 | F29: 8H | G29: =150*60*8 -> 72000 | I29: Điệp | J29: HƯ Ổ Búa đợi phòng khuôn
A30: 22 | B30: 030140-PB1W-4 | C30: PH TTS-B S,P/W | D30: 3*14 | E30: 1000 | F30: 8H | G30: =150*60*8 -> 72000 | I30: Điệp | J30: HƯ Ổ Búa đợi phòng khuôn
A31: 30 | B31: 030120-P26H | C31: PH T/S-2S(STS304) | D31: 3*12 | E31: 203200 | F31: 8H | G31: =150*60*8 -> 72000 | H31: 60000 | I31: Điệp | J31: Thay bake 20'
A32: 25 | B32: 040100-P62W | C32: PH T/S-2(NO CUTTING) | D32: 4*10 | E32: 220000 | F32: 11H30' | G32: =180*60*11.5 -> 124200 | H32: 124000 | I32: Phú
A33: 18 | B33: 040140-B62W | C33: BH T/S-2(NO CUTTING) | D33: 4*14 | E33: 3126000 | F33: 11H30' | G33: =180*60*11.5 -> 124200 | H33: =128000 -> 128000 | I33: Thịnh
A34: 20 | B34: 040140-B62W | C34: BH T/S-2(NO CUTTING) | D34: 4*14 | E34: 3126000 | F34: 11H30' | G34: =180*60*11.5 -> 124200 | H34: 126400 | I34: Thịnh
A35: 28 | B35: 040140-B62W | C35: BH T/S-2(NO CUTTING) | D35: 4*14 | E35: 3126000 | F35: 9H | G35: =180*60*9 -> 97200 | H35: 80000 | I35: Điệp | J35: Gãy tống 1H30',Thay bake 10'
A36: 31 | B36: 040180-P62W | C36: PH T/S -2 | D36: 4*18 | E36: 44900 | F36: 9H | G36: =180*60*9 -> 97200 | H36: 30000 | I36: Phú | J36: 10H20' Đổi đơn
A37: 31 | B37: 030150-P66H-ADS | C37: PH T/S-2 STEP SE | D37: 3*15 | E37: 200000 | F37: 9H | G37: =180*60*9 -> 97200 | I37: Thịnh
A38: 19 | B38: 040100-TC2W-1 | C38: TH TTS-C T/W | D38: 4*10 | E38: 2088400 | F38: 11H30' | G38: =180*60*11.5 -> 124200 | H38: =126500 -> 126500 | I38: Thịnh
A39: 26 | B39: 040100-TC2W-1 | C39: TH TTS-C T/W | D39: 4*10 | E39: 2088400 | F39: 11H30' | G39: =180*60*11.5 -> 124200 | H39: 122000 | I39: Phú
A40: 16 | B40: 040120-T12W | C40: TH T/S-1(Y) | D40: 4*12 | E40: 932500 | F40: 8H | G40: =180*60*8 -> 86400 | H40: =49500 -> 49500 | I40: Phú | J40: Bể lót búa 2 4H
A41: 17 | B41: 040120-T12W | C41: TH T/S-1(Y) | D41: 4*12 | E41: 932500 | F41: 11H30' | G41: =180*60*11.5 -> 124200 | H41: 126000 | I41: Thịnh
A42: 15 | B42: 040120-T22W-1 | C42: SCREW A | D42: 4*12 | E42: 446300 | F42: 12H | G42: =180*60*12 -> 129600 | H42: =128000 -> 128000 | I42: Dũng
A43: 29 | B43: 040120-T22W-1 | C43: SCREW A | D43: 4*12 | E43: 446300 | F43: 8H | G43: =180*60*8 -> 86400 | H43: 77000 | I43: Điệp | J43: Rút búa 1,30' thay bake 10' thay NL 10'
A44: 23 | B44: 040100-T12W | C44: SCR TPG PAN 4*10 T1 | D44: 4*10 | E44: 15000 | F44: 9H | G44: =180*60*9 -> 97200 | H44: 22000 | I44: Phú | J44: Đối đơn
A45: 23 | B45: 040160-T12W | C45: TH T/S-1 | D45: 4*16 | E45: 700000 | F45: 9H | G45: =180*60*9 -> 97200 | H45: 71000 | I45: Phú
A46: 27 | B46: 030070-P62W-D | C46: PH T/S-2(NO CUTTING) | D46: 3*7 | E46: 1381000 | F46: 9H | G46: =180*60*9 -> 97200 | I46: Thịnh | J46: SETING
A47: 51 | B47: 030060-BB2W | C47: BH TTS-B | D47: 3*6 | E47: 1892800 | F47: 11H30' | G47: =180*60*11.5 -> 124200 | H47: 122300 | I47: N.anh | J47: Thay PUNCH ' , Chỉnh méo 30'
A48: 54 | B48: 030060-BB2W | C48: BH TTS-B | D48: 3*6 | E48: 1892800 | F48: 11H30' | G48: =180*60*11.5 -> 124200 | H48: 125600 | I48: N.anh | J48: Thay bake 10'
A49: 52 | B49: 030080-P22W | C49: PH T/S-2S | D49: 3*8 | E49: 694900 | F49: 11H30' | G49: =180*60*11.5 -> 124200 | H49: 109800 | I49: N.anh | J49: Thay PUNCH ' , Chỉnh méo 1H
A50: 53 | B50: 030100-B62W | C50: BH T/S-2(NO CUTTING) | D50: 3*10 | E50: 667400 | F50: 11H30' | G50: =180*60*11.5 -> 124200 | H50: 96700 | I50: N.anh | J50: Thay lò xo , Chỉnh méo 2H thay punch ,mài kẹp 1H
A51: 50 | B51: 030060-PB2W-A | C51: PH (LARGE) TTS-B | D51: 3*6 | E51: 2510600 | F51: 11H30' | G51: =180*60*11.5 -> 124200 | H51: =118600 -> 118600 | I51: N.anh | J51: Thay PUNCH 20' , Chỉnh méo 30'
A52: 55 | B52: 030060-PB2W-A | C52: PH (LARGE) TTS-B | D52: 3*6 | E52: 2510600 | F52: 11H30' | G52: =180*60*11.5 -> 124200 | H52: 57700 | I52: N.anh | J52: Đơợi phòng khuôn làm búa 1 -5H Chỉnh méo 1H
A53: Total | H53: =SUM(H7:H52) -> 2603100

Sheet 10.10
A1: KẾ HOẠCH SẢN XUẤT HÀNG NGÀY | J1: Phụ Trách | K1: Kiểm tra | L1: Phê Duyệt
A4: Date: 2020.10.12
A5: M/C | B5: Item Code | C5: Item | D5: Spec | E5: Waiting H/D | F5: Work time production | G5: Planing production | H5: Production performance | I5: Staff | J5: Remark
E6: 햇딩대기 09.10.20 | F6: 작업시간 | G6: 생산계획 | H6: 생산실적
A7: 1 | B7: 100550-YM1W-Z | C7: LEG BOLT | D7: 10*55 | E7: 274500 | F7: 8H | G7: =45*60*8 -> 21600 | I7: OFF
A8: 2 | B8: 080260-U51W-D | C8: Ði?u ch?nhchân BOLT | D8: 8.26 | E8: 33000 | F8: 8H | G8: =42*60*8 -> 20160 | I8: Thiên
A9: 2 | B9: 080660-U51A-2D | C9: BOLT DAMPER P/W | D9: 8*66 | E9: 300000 | F9: 8H | G9: =42*60*8 -> 20160 | I9: Thiên | J9: Setting
A10: 3 | B10: 080315-JM6R-DH | C10: SPIDER BOLT | D10: 8*31.5 | E10: 439300 | F10: 8H | G10: =55*60*8 -> 26400 | I10: OFF
A11: 3 | B11: 080315-JM6R-DH | C11: SPIDER BOLT | D11: 8*31.5 | E11: 439300 | F11: 8H | G11: =55*60*8 -> 26400 | I11: OFF
A12: 4 | B12: 080620-UM1A-2A | C12: HEX BOLT P/W B=13 | D12: 8*62 | E12: 1184300 | F12: 8H | G12: =65*60*8 -> 31200 | I12: OFF
A13: 5 | B13: 081100-F641-D | C13: FL T/S-2 STEP(2LINE) | D13: 8*110 | E13: 149000 | F13: 8H | G13: =45*60*8 -> 21600 | H13: 22000 | I13: Thiên | J13: Thay NL 20'
A14: 6 | B14: 080300-F35L-S | C14: FL M/S SE(STS430) | D14: 8*30 | E14: 559000 | F14: 8H | G14: =42*60*8 -> 20160 | H14: 21000 | I14: Thiên
A15: 7 | B15: 780420-F64W-2 | C15: FL T/S-2 P/W (Wait) | D15: 7.8*42 | E15: 1285000 | F15: 8H | G15: =100*60*8 -> 48000 | H15: 45000 | I15: Quang | J15: Không có thùng 40'
A16: 7 | B16: 780420-F64W-2 | C16: FL T/S-2 P/W (Wait) | D16: 7.8*42 | E16: 1285000 | F16: 8H | G16: =100*60*8 -> 48000 | I16: Quang
A17: 7A | B17: 650320-F62W-SP | C17: BASE | D17: 6.5*32 | E17: 2628300 | F17: 8H | G17: =138*60*8 -> 66240 | I17: Quang | J17: Đơi khuôn Setting
A18: 8A | B18: 080300-F35L-S | C18: FL M/S SE(STS430) | D18: 8*30 | E18: 559000 | F18: 8H | G18: =50*60*8 -> 24000 | H18: =18000 -> 18000 | I18: Quang | J18: Thay pin búa 2 + vệ sinh lọc dầu 2H
A19: 8 | B19: 080290-FM6R-D | C19: SPIDER BOLT | D19: 8*29 | E19: 264500 | F19: 8H | G19: =42*60*8 -> 20160 | I19: Tuấn | J19: Đơi khuôn Setting
